#
# A fatal error has been detected by the Java Runtime Environment:
#
#  EXCEPTION_ACCESS_VIOLATION (0xc0000005) at pc=0x00007ffa859a10a3, pid=23476, tid=13456
#
# JRE version: OpenJDK Runtime Environment (11.0.2+9) (build 11.0.2+9)
# Java VM: OpenJDK 64-Bit Server VM (11.0.2+9, mixed mode, tiered, compressed oops, g1 gc, windows-amd64)
# Problematic frame:
# V  [jvm.dll+0x6210a3]
#
# No core dump will be written. Minidumps are not enabled by default on client versions of Windows
#
# If you would like to submit a bug report, please visit:
#   http://bugreport.java.com/bugreport/crash.jsp
#

---------------  S U M M A R Y ------------

Command Line: C:\Users\n24q02m-wpc\AppData\Local\Temp\surefire8901214061238911135\surefirebooter-20261007235736035_3.jar C:\Users\n24q02m-wpc\AppData\Local\Temp\surefire8901214061238911135 2026-10-07T23-57-35_751-jvmRun1 surefire-20261007235736035_1tmp surefire_0-20261007235736035_2tmp

Host: Intel(R) Core(TM) i5-9400F CPU @ 2.90GHz, 6 cores, 15G,  Windows 10 , 64 bit Build 26100 (10.0.26100.9444)
Time: Wed Oct  7 23:57:36 2026 SE Asia Standard Time elapsed time: 0 seconds (0d 0h 0m 0s)

---------------  T H R E A D  ---------------

Current thread (0x0000024a240dd000):  JavaThread "main" [_thread_in_vm, id=13456, stack(0x000000ce2d800000,0x000000ce2d900000)]

Stack: [0x000000ce2d800000,0x000000ce2d900000],  sp=0x000000ce2d8fbdf8,  free space=1007k
Native frames: (J=compiled Java code, j=interpreted, Vv=VM code, C=native code)
V  [jvm.dll+0x6210a3]

Java frames: (J=compiled Java code, j=interpreted, Vv=VM code)
j  hash.pith.PithVideo.fingerprint([B)[B+0
j  hash.pith.ReferenceVectorsTest.lambda$decodeErrorsRefuseInsteadOfCrashing$0([B)V+1
j  hash.pith.ReferenceVectorsTest$$Lambda$406.execute()V+4
j  org.junit.jupiter.api.AssertThrows.assertThrows(Ljava/lang/Class;Lorg/junit/jupiter/api/function/Executable;Ljava/lang/Object;)Ljava/lang/Throwable;+1
j  org.junit.jupiter.api.AssertThrows.assertThrows(Ljava/lang/Class;Lorg/junit/jupiter/api/function/Executable;Ljava/lang/String;)Ljava/lang/Throwable;+3
j  org.junit.jupiter.api.Assertions.assertThrows(Ljava/lang/Class;Lorg/junit/jupiter/api/function/Executable;Ljava/lang/String;)Ljava/lang/Throwable;+3
j  hash.pith.ReferenceVectorsTest.decodeErrorsRefuseInsteadOfCrashing()V+102
v  ~StubRoutines::call_stub
j  jdk.internal.reflect.NativeMethodAccessorImpl.invoke0(Ljava/lang/reflect/Method;Ljava/lang/Object;[Ljava/lang/Object;)Ljava/lang/Object;+0 java.base@11.0.2
j  jdk.internal.reflect.NativeMethodAccessorImpl.invoke(Ljava/lang/Object;[Ljava/lang/Object;)Ljava/lang/Object;+100 java.base@11.0.2
j  jdk.internal.reflect.DelegatingMethodAccessorImpl.invoke(Ljava/lang/Object;[Ljava/lang/Object;)Ljava/lang/Object;+6 java.base@11.0.2
j  java.lang.reflect.Method.invoke(Ljava/lang/Object;[Ljava/lang/Object;)Ljava/lang/Object;+59 java.base@11.0.2
j  org.junit.platform.commons.util.ReflectionUtils.invokeMethod(Ljava/lang/reflect/Method;Ljava/lang/Object;[Ljava/lang/Object;)Ljava/lang/Object;+42
j  org.junit.jupiter.engine.execution.MethodInvocation.proceed()Ljava/lang/Object;+16
j  org.junit.jupiter.engine.execution.InvocationInterceptorChain$ValidatingInvocation.proceed()Ljava/lang/Object;+8
j  org.junit.jupiter.engine.extension.TimeoutExtension.intercept(Lorg/junit/jupiter/api/extension/InvocationInterceptor$Invocation;Lorg/junit/jupiter/api/extension/ReflectiveInvocationContext;Lorg/junit/jupiter/api/extension/ExtensionContext;Lorg/junit/jupiter/engine/extension/TimeoutDuration;Lorg/junit/jupiter/engine/extension/TimeoutExtension$TimeoutProvider;)Ljava/lang/Object;+28
j  org.junit.jupiter.engine.extension.TimeoutExtension.interceptTestableMethod(Lorg/junit/jupiter/api/extension/InvocationInterceptor$Invocation;Lorg/junit/jupiter/api/extension/ReflectiveInvocationContext;Lorg/junit/jupiter/api/extension/ExtensionContext;Lorg/junit/jupiter/engine/extension/TimeoutExtension$TimeoutProvider;)Ljava/lang/Object;+31
j  org.junit.jupiter.engine.extension.TimeoutExtension.interceptTestMethod(Lorg/junit/jupiter/api/extension/InvocationInterceptor$Invocation;Lorg/junit/jupiter/api/extension/ReflectiveInvocationContext;Lorg/junit/jupiter/api/extension/ExtensionContext;)V+9
j  org.junit.jupiter.engine.descriptor.TestMethodTestDescriptor$$Lambda$190.apply(Lorg/junit/jupiter/api/extension/InvocationInterceptor;Lorg/junit/jupiter/api/extension/InvocationInterceptor$Invocation;Lorg/junit/jupiter/api/extension/ReflectiveInvocationContext;Lorg/junit/jupiter/api/extension/ExtensionContext;)V+5
j  org.junit.jupiter.engine.execution.InterceptingExecutableInvoker$ReflectiveInterceptorCall.lambda$ofVoidMethod$0(Lorg/junit/jupiter/engine/execution/InterceptingExecutableInvoker$ReflectiveInterceptorCall$VoidMethodInterceptorCall;Lorg/junit/jupiter/api/extension/InvocationInterceptor;Lorg/junit/jupiter/api/extension/InvocationInterceptor$Invocation;Lorg/junit/jupiter/api/extension/ReflectiveInvocationContext;Lorg/junit/jupiter/api/extension/ExtensionContext;)Ljava/lang/Void;+6
j  org.junit.jupiter.engine.execution.InterceptingExecutableInvoker$ReflectiveInterceptorCall$$Lambda$191.apply(Lorg/junit/jupiter/api/extension/InvocationInterceptor;Lorg/junit/jupiter/api/extension/InvocationInterceptor$Invocation;Lorg/junit/jupiter/api/extension/ReflectiveInvocationContext;Lorg/junit/jupiter/api/extension/ExtensionContext;)Ljava/lang/Object;+9
j  org.junit.jupiter.engine.execution.InterceptingExecutableInvoker.lambda$invoke$0(Lorg/junit/jupiter/engine/execution/InterceptingExecutableInvoker$ReflectiveInterceptorCall;Lorg/junit/jupiter/api/extension/ReflectiveInvocationContext;Lorg/junit/jupiter/api/extension/ExtensionContext;Lorg/junit/jupiter/api/extension/InvocationInterceptor;Lorg/junit/jupiter/api/extension/InvocationInterceptor$Invocation;)Ljava/lang/Object;+6
j  org.junit.jupiter.engine.execution.InterceptingExecutableInvoker$$Lambda$371.apply(Lorg/junit/jupiter/api/extension/InvocationInterceptor;Lorg/junit/jupiter/api/extension/InvocationInterceptor$Invocation;)Ljava/lang/Object;+14
j  org.junit.jupiter.engine.execution.InvocationInterceptorChain$InterceptedInvocation.proceed()Ljava/lang/Object;+12
j  org.junit.jupiter.engine.execution.InvocationInterceptorChain.proceed(Lorg/junit/jupiter/api/extension/InvocationInterceptor$Invocation;)Ljava/lang/Object;+1
j  org.junit.jupiter.engine.execution.InvocationInterceptorChain.chainAndInvoke(Lorg/junit/jupiter/api/extension/InvocationInterceptor$Invocation;Lorg/junit/jupiter/engine/execution/InvocationInterceptorChain$InterceptorCall;Ljava/util/List;)Ljava/lang/Object;+24
j  org.junit.jupiter.engine.execution.InvocationInterceptorChain.invoke(Lorg/junit/jupiter/api/extension/InvocationInterceptor$Invocation;Lorg/junit/jupiter/engine/extension/ExtensionRegistry;Lorg/junit/jupiter/engine/execution/InvocationInterceptorChain$InterceptorCall;)Ljava/lang/Object;+31
j  org.junit.jupiter.engine.execution.InterceptingExecutableInvoker.invoke(Lorg/junit/jupiter/api/extension/InvocationInterceptor$Invocation;Lorg/junit/jupiter/api/extension/ReflectiveInvocationContext;Lorg/junit/jupiter/api/extension/ExtensionContext;Lorg/junit/jupiter/engine/extension/ExtensionRegistry;Lorg/junit/jupiter/engine/execution/InterceptingExecutableInvoker$ReflectiveInterceptorCall;)Ljava/lang/Object;+15
j  org.junit.jupiter.engine.execution.InterceptingExecutableInvoker.invoke(Ljava/lang/reflect/Method;Ljava/lang/Object;Lorg/junit/jupiter/api/extension/ExtensionContext;Lorg/junit/jupiter/engine/extension/ExtensionRegistry;Lorg/junit/jupiter/engine/execution/InterceptingExecutableInvoker$ReflectiveInterceptorCall;)Ljava/lang/Object;+55
j  org.junit.jupiter.engine.descriptor.TestMethodTestDescriptor.lambda$invokeTestMethod$7(Lorg/junit/jupiter/api/extension/ExtensionContext;Lorg/junit/jupiter/engine/execution/JupiterEngineExecutionContext;)V+28
j  org.junit.jupiter.engine.descriptor.TestMethodTestDescriptor$$Lambda$393.execute()V+12
j  org.junit.platform.engine.support.hierarchical.ThrowableCollector.execute(Lorg/junit/platform/engine/support/hierarchical/ThrowableCollector$Executable;)V+1
j  org.junit.jupiter.engine.descriptor.TestMethodTestDescriptor.invokeTestMethod(Lorg/junit/jupiter/engine/execution/JupiterEngineExecutionContext;Lorg/junit/platform/engine/support/hierarchical/Node$DynamicTestExecutor;)V+21
j  org.junit.jupiter.engine.descriptor.TestMethodTestDescriptor.execute(Lorg/junit/jupiter/engine/execution/JupiterEngineExecutionContext;Lorg/junit/platform/engine/support/hierarchical/Node$DynamicTestExecutor;)Lorg/junit/jupiter/engine/execution/JupiterEngineExecutionContext;+44
j  org.junit.jupiter.engine.descriptor.TestMethodTestDescriptor.execute(Lorg/junit/platform/engine/support/hierarchical/EngineExecutionContext;Lorg/junit/platform/engine/support/hierarchical/Node$DynamicTestExecutor;)Lorg/junit/platform/engine/support/hierarchical/EngineExecutionContext;+6
j  org.junit.platform.engine.support.hierarchical.NodeTestTask.lambda$executeRecursively$6()V+79
j  org.junit.platform.engine.support.hierarchical.NodeTestTask$$Lambda$293.execute()V+4
j  org.junit.platform.engine.support.hierarchical.ThrowableCollector.execute(Lorg/junit/platform/engine/support/hierarchical/ThrowableCollector$Executable;)V+1
j  org.junit.platform.engine.support.hierarchical.NodeTestTask.lambda$executeRecursively$8(Lorg/junit/platform/engine/support/hierarchical/EngineExecutionContext;)V+15
j  org.junit.platform.engine.support.hierarchical.NodeTestTask$$Lambda$292.invoke(Lorg/junit/platform/engine/support/hierarchical/EngineExecutionContext;)V+5
j  org.junit.platform.engine.support.hierarchical.Node.around(Lorg/junit/platform/engine/support/hierarchical/EngineExecutionContext;Lorg/junit/platform/engine/support/hierarchical/Node$Invocation;)V+2
j  org.junit.platform.engine.support.hierarchical.NodeTestTask.lambda$executeRecursively$9()V+14
j  org.junit.platform.engine.support.hierarchical.NodeTestTask$$Lambda$291.execute()V+4
j  org.junit.platform.engine.support.hierarchical.ThrowableCollector.execute(Lorg/junit/platform/engine/support/hierarchical/ThrowableCollector$Executable;)V+1
j  org.junit.platform.engine.support.hierarchical.NodeTestTask.executeRecursively()V+31
j  org.junit.platform.engine.support.hierarchical.NodeTestTask.execute()V+55
j  org.junit.platform.engine.support.hierarchical.SameThreadHierarchicalTestExecutorService$$Lambda$297.accept(Ljava/lang/Object;)V+4
j  java.util.ArrayList.forEach(Ljava/util/function/Consumer;)V+46 java.base@11.0.2
j  org.junit.platform.engine.support.hierarchical.SameThreadHierarchicalTestExecutorService.invokeAll(Ljava/util/List;)V+6
j  org.junit.platform.engine.support.hierarchical.NodeTestTask.lambda$executeRecursively$6()V+116
j  org.junit.platform.engine.support.hierarchical.NodeTestTask$$Lambda$293.execute()V+4
j  org.junit.platform.engine.support.hierarchical.ThrowableCollector.execute(Lorg/junit/platform/engine/support/hierarchical/ThrowableCollector$Executable;)V+1
j  org.junit.platform.engine.support.hierarchical.NodeTestTask.lambda$executeRecursively$8(Lorg/junit/platform/engine/support/hierarchical/EngineExecutionContext;)V+15
j  org.junit.platform.engine.support.hierarchical.NodeTestTask$$Lambda$292.invoke(Lorg/junit/platform/engine/support/hierarchical/EngineExecutionContext;)V+5
j  org.junit.platform.engine.support.hierarchical.Node.around(Lorg/junit/platform/engine/support/hierarchical/EngineExecutionContext;Lorg/junit/platform/engine/support/hierarchical/Node$Invocation;)V+2
j  org.junit.platform.engine.support.hierarchical.NodeTestTask.lambda$executeRecursively$9()V+14
j  org.junit.platform.engine.support.hierarchical.NodeTestTask$$Lambda$291.execute()V+4
j  org.junit.platform.engine.support.hierarchical.ThrowableCollector.execute(Lorg/junit/platform/engine/support/hierarchical/ThrowableCollector$Executable;)V+1
j  org.junit.platform.engine.support.hierarchical.NodeTestTask.executeRecursively()V+31
j  org.junit.platform.engine.support.hierarchical.NodeTestTask.execute()V+55
j  org.junit.platform.engine.support.hierarchical.SameThreadHierarchicalTestExecutorService$$Lambda$297.accept(Ljava/lang/Object;)V+4
j  java.util.ArrayList.forEach(Ljava/util/function/Consumer;)V+46 java.base@11.0.2
j  org.junit.platform.engine.support.hierarchical.SameThreadHierarchicalTestExecutorService.invokeAll(Ljava/util/List;)V+6
j  org.junit.platform.engine.support.hierarchical.NodeTestTask.lambda$executeRecursively$6()V+116
j  org.junit.platform.engine.support.hierarchical.NodeTestTask$$Lambda$293.execute()V+4
j  org.junit.platform.engine.support.hierarchical.ThrowableCollector.execute(Lorg/junit/platform/engine/support/hierarchical/ThrowableCollector$Executable;)V+1
j  org.junit.platform.engine.support.hierarchical.NodeTestTask.lambda$executeRecursively$8(Lorg/junit/platform/engine/support/hierarchical/EngineExecutionContext;)V+15
j  org.junit.platform.engine.support.hierarchical.NodeTestTask$$Lambda$292.invoke(Lorg/junit/platform/engine/support/hierarchical/EngineExecutionContext;)V+5
j  org.junit.platform.engine.support.hierarchical.Node.around(Lorg/junit/platform/engine/support/hierarchical/EngineExecutionContext;Lorg/junit/platform/engine/support/hierarchical/Node$Invocation;)V+2
j  org.junit.platform.engine.support.hierarchical.NodeTestTask.lambda$executeRecursively$9()V+14
j  org.junit.platform.engine.support.hierarchical.NodeTestTask$$Lambda$291.execute()V+4
j  org.junit.platform.engine.support.hierarchical.ThrowableCollector.execute(Lorg/junit/platform/engine/support/hierarchical/ThrowableCollector$Executable;)V+1
j  org.junit.platform.engine.support.hierarchical.NodeTestTask.executeRecursively()V+31
j  org.junit.platform.engine.support.hierarchical.NodeTestTask.execute()V+55
j  org.junit.platform.engine.support.hierarchical.SameThreadHierarchicalTestExecutorService.submit(Lorg/junit/platform/engine/support/hierarchical/HierarchicalTestExecutorService$TestTask;)Ljava/util/concurrent/Future;+1
j  org.junit.platform.engine.support.hierarchical.HierarchicalTestExecutor.execute()Ljava/util/concurrent/Future;+74
j  org.junit.platform.engine.support.hierarchical.HierarchicalTestEngine.execute(Lorg/junit/platform/engine/ExecutionRequest;)V+31
j  org.junit.platform.launcher.core.EngineExecutionOrchestrator.execute(Lorg/junit/platform/engine/TestDescriptor;Lorg/junit/platform/engine/EngineExecutionListener;Lorg/junit/platform/engine/ConfigurationParameters;Lorg/junit/platform/engine/TestEngine;)V+24
j  org.junit.platform.launcher.core.EngineExecutionOrchestrator.execute(Lorg/junit/platform/launcher/core/LauncherDiscoveryResult;Lorg/junit/platform/engine/EngineExecutionListener;)V+115
j  org.junit.platform.launcher.core.EngineExecutionOrchestrator.execute(Lorg/junit/platform/launcher/core/InternalTestPlan;Lorg/junit/platform/engine/EngineExecutionListener;Lorg/junit/platform/launcher/TestExecutionListener;)V+55
j  org.junit.platform.launcher.core.EngineExecutionOrchestrator.lambda$execute$0(Lorg/junit/platform/launcher/core/InternalTestPlan;Lorg/junit/platform/launcher/TestExecutionListener;)V+6
j  org.junit.platform.launcher.core.EngineExecutionOrchestrator$$Lambda$243.accept(Ljava/lang/Object;)V+12
j  org.junit.platform.launcher.core.EngineExecutionOrchestrator.withInterceptedStreams(Lorg/junit/platform/engine/ConfigurationParameters;Lorg/junit/platform/launcher/core/ListenerRegistry;Ljava/util/function/Consumer;)V+51
j  org.junit.platform.launcher.core.EngineExecutionOrchestrator.execute(Lorg/junit/platform/launcher/core/InternalTestPlan;[Lorg/junit/platform/launcher/TestExecutionListener;)V+23
j  org.junit.platform.launcher.core.DefaultLauncher.execute(Lorg/junit/platform/launcher/core/InternalTestPlan;[Lorg/junit/platform/launcher/TestExecutionListener;)V+6
j  org.junit.platform.launcher.core.DefaultLauncher.execute(Lorg/junit/platform/launcher/LauncherDiscoveryRequest;[Lorg/junit/platform/launcher/TestExecutionListener;)V+34
j  org.junit.platform.launcher.core.DelegatingLauncher.execute(Lorg/junit/platform/launcher/LauncherDiscoveryRequest;[Lorg/junit/platform/launcher/TestExecutionListener;)V+6
j  org.apache.maven.surefire.junitplatform.LazyLauncher.execute(Lorg/junit/platform/launcher/LauncherDiscoveryRequest;[Lorg/junit/platform/launcher/TestExecutionListener;)V+6
j  org.apache.maven.surefire.junitplatform.JUnitPlatformProvider.execute(Lorg/apache/maven/surefire/api/util/TestsToRun;Lorg/apache/maven/surefire/junitplatform/RunListenerAdapter;)V+70
j  org.apache.maven.surefire.junitplatform.JUnitPlatformProvider.invokeAllTests(Lorg/apache/maven/surefire/api/util/TestsToRun;Lorg/apache/maven/surefire/junitplatform/RunListenerAdapter;)V+3
j  org.apache.maven.surefire.junitplatform.JUnitPlatformProvider.invoke(Ljava/lang/Object;)Lorg/apache/maven/surefire/api/suite/RunResult;+95
j  org.apache.maven.surefire.booter.ForkedBooter.runSuitesInProcess()V+8
j  org.apache.maven.surefire.booter.ForkedBooter.execute()V+1
j  org.apache.maven.surefire.booter.ForkedBooter.run(Lorg/apache/maven/surefire/booter/ForkedBooter;[Ljava/lang/String;)V+27
j  org.apache.maven.surefire.booter.ForkedBooter.main([Ljava/lang/String;)V+10
v  ~StubRoutines::call_stub

siginfo: EXCEPTION_ACCESS_VIOLATION (0xc0000005), reading address 0xffffffffffffffff


Register to memory mapping:

RIP=0x00007ffa859a10a3 jvm.dll
RAX=0x0000000000000050 is an unknown value
RBX=0x0000024a240dd000 is a thread
RCX=0x7469702f68736168 is an unknown value
RDX=0x0000000000000050 is an unknown value
RSP=0x000000ce2d8fbdf8 is pointing into the stack for thread: 0x0000024a240dd000
RBP=0x0000024a240dd000 is a thread
RSI=0x0 is NULL
RDI=0x7469702f68736168 is an unknown value
R8 =0x0000024a22621140 points into unknown readable memory: c0 0c 62 22 4a 02 00 00
R9 =0x0 is NULL
R10=0x0000024a22620000 points into unknown readable memory: 00 00 00 00 00 00 00 00
R11=0x000000ce2d8fbe28 is pointing into the stack for thread: 0x0000024a240dd000
R12=0x000000000000002d is an unknown value
R13={method} {0x0000024a4a7d2278} 'fingerprint' '([B)[B' in 'hash/pith/PithVideo'
R14=0x00007ffa85d71c00 jvm.dll
R15=0x0000024a49674ef0 points into unknown readable memory: 70 69 74 68 5f 76 69 64


Registers:
RAX=0x0000000000000050, RBX=0x0000024a240dd000, RCX=0x7469702f68736168, RDX=0x0000000000000050
RSP=0x000000ce2d8fbdf8, RBP=0x0000024a240dd000, RSI=0x0000000000000000, RDI=0x7469702f68736168
R8 =0x0000024a22621140, R9 =0x0000000000000000, R10=0x0000024a22620000, R11=0x000000ce2d8fbe28
R12=0x000000000000002d, R13=0x0000024a4a7d2270, R14=0x00007ffa85d71c00, R15=0x0000024a49674ef0
RIP=0x00007ffa859a10a3, EFLAGS=0x0000000000010206

Top of Stack: (sp=0x000000ce2d8fbdf8)
0x000000ce2d8fbdf8:   00007ffa857163bf 00003ad832c40eb2
0x000000ce2d8fbe08:   00000000227ca250 000000ce2d8fbea0
0x000000ce2d8fbe18:   00007ffb0ccd3c4c 0000024a240dd000
0x000000ce2d8fbe28:   00007ffa8575cc75 0000024a240dd000
0x000000ce2d8fbe38:   0000000000000000 fffffffffffffffe
0x000000ce2d8fbe48:   fffffffffffffffe 0000024a240dd000
0x000000ce2d8fbe58:   0000024a2288ee40 0000024a00000b2b
0x000000ce2d8fbe68:   00007ffa85c10108 00007ffa85d71ca0
0x000000ce2d8fbe78:   00007ffb0ccd6bfe 00007ffa85d71ca0
0x000000ce2d8fbe88:   000000ce2d8fbf00 0000024a240dd340
0x000000ce2d8fbe98:   0000000000000001 0000024a22886580
0x000000ce2d8fbea8:   00007ffb0cd33700 0000000000000016
0x000000ce2d8fbeb8:   0000000000000050 0000024a4962f260
0x000000ce2d8fbec8:   000000000000002c 0000000000000050
0x000000ce2d8fbed8:   0000024a4962f260 000000000000002c
0x000000ce2d8fbee8:   00007ffb0cd2faa0 0000024a22886580 

Instructions: (pc=0x00007ffa859a10a3)
0x00007ffa859a1083:   83 ec 20 48 8b d9 48 8b 49 18 e8 5e 5f 00 00 48
0x00007ffa859a1093:   8b 4b 20 48 83 c4 20 5b e9 50 5f 00 00 48 63 c2
0x00007ffa859a10a3:   48 8b 04 08 c3 cc cc cc cc cc cc cc cc 8b c1 8b
0x00007ffa859a10b3:   0d 90 a8 3e 00 48 d3 e0 48 03 05 7e a8 3e 00 c3 


Stack slot to memory mapping:
stack at sp + 0 slots: 0x00007ffa857163bf jvm.dll
stack at sp + 1 slots: 0x00003ad832c40eb2 is an unknown value
stack at sp + 2 slots: 0x00000000227ca250 is an unknown value
stack at sp + 3 slots: 0x000000ce2d8fbea0 is pointing into the stack for thread: 0x0000024a240dd000
stack at sp + 4 slots: 0x00007ffb0ccd3c4c pith_video.dll
stack at sp + 5 slots: 0x0000024a240dd000 is a thread
stack at sp + 6 slots: 0x00007ffa8575cc75 jvm.dll
stack at sp + 7 slots: 0x0000024a240dd000 is a thread


---------------  P R O C E S S  ---------------

Threads class SMR info:
_java_thread_list=0x0000024a48bccc90, length=12, elements={
0x0000024a240dd000, 0x0000024a486bf000, 0x0000024a486c8800, 0x0000024a48730000,
0x0000024a48731800, 0x0000024a48732800, 0x0000024a48735800, 0x0000024a486dd000,
0x0000024a4889e000, 0x0000024a488af800, 0x0000024a4889d000, 0x0000024a489fe800
}

Java Threads: ( => current thread )
=>0x0000024a240dd000 JavaThread "main" [_thread_in_vm, id=13456, stack(0x000000ce2d800000,0x000000ce2d900000)]
  0x0000024a486bf000 JavaThread "Reference Handler" daemon [_thread_blocked, id=22120, stack(0x000000ce2df00000,0x000000ce2e000000)]
  0x0000024a486c8800 JavaThread "Finalizer" daemon [_thread_blocked, id=25244, stack(0x000000ce2e000000,0x000000ce2e100000)]
  0x0000024a48730000 JavaThread "Signal Dispatcher" daemon [_thread_blocked, id=3296, stack(0x000000ce2e100000,0x000000ce2e200000)]
  0x0000024a48731800 JavaThread "Attach Listener" daemon [_thread_blocked, id=19368, stack(0x000000ce2e200000,0x000000ce2e300000)]
  0x0000024a48732800 JavaThread "C2 CompilerThread0" daemon [_thread_blocked, id=21408, stack(0x000000ce2e300000,0x000000ce2e400000)]
  0x0000024a48735800 JavaThread "C1 CompilerThread0" daemon [_thread_blocked, id=16488, stack(0x000000ce2e400000,0x000000ce2e500000)]
  0x0000024a486dd000 JavaThread "Sweeper thread" daemon [_thread_blocked, id=22096, stack(0x000000ce2e500000,0x000000ce2e600000)]
  0x0000024a4889e000 JavaThread "Service Thread" daemon [_thread_blocked, id=19624, stack(0x000000ce2e600000,0x000000ce2e700000)]
  0x0000024a488af800 JavaThread "Common-Cleaner" daemon [_thread_blocked, id=18764, stack(0x000000ce2e800000,0x000000ce2e900000)]
  0x0000024a4889d000 JavaThread "surefire-forkedjvm-stream-flusher" daemon [_thread_blocked, id=26560, stack(0x000000ce2e900000,0x000000ce2ea00000)]
  0x0000024a489fe800 JavaThread "surefire-forkedjvm-command-thread" daemon [_thread_in_native, id=6188, stack(0x000000ce2ea00000,0x000000ce2eb00000)]

Other Threads:
  0x0000024a4869a000 VMThread "VM Thread" [stack: 0x000000ce2de00000,0x000000ce2df00000] [id=18676]
  0x0000024a4889e800 WatcherThread [stack: 0x000000ce2e700000,0x000000ce2e800000] [id=23632]
  0x0000024a240f4000 GCTaskThread "GC Thread#0" [stack: 0x000000ce2d900000,0x000000ce2da00000] [id=17016]
  0x0000024a495aa800 GCTaskThread "GC Thread#1" [stack: 0x000000ce2eb00000,0x000000ce2ec00000] [id=25520]
  0x0000024a48fca000 GCTaskThread "GC Thread#2" [stack: 0x000000ce2ec00000,0x000000ce2ed00000] [id=26076]
  0x0000024a48d0d000 GCTaskThread "GC Thread#3" [stack: 0x000000ce2ed00000,0x000000ce2ee00000] [id=15616]
  0x0000024a48d0d800 GCTaskThread "GC Thread#4" [stack: 0x000000ce2ee00000,0x000000ce2ef00000] [id=17820]
  0x0000024a4911f000 GCTaskThread "GC Thread#5" [stack: 0x000000ce2ef00000,0x000000ce2f000000] [id=26452]
  0x0000024a24151800 ConcurrentGCThread "G1 Main Marker" [stack: 0x000000ce2da00000,0x000000ce2db00000] [id=4812]
  0x0000024a24153800 ConcurrentGCThread "G1 Conc#0" [stack: 0x000000ce2db00000,0x000000ce2dc00000] [id=22772]
  0x0000024a492f7800 ConcurrentGCThread "G1 Conc#1" [stack: 0x000000ce2f000000,0x000000ce2f100000] [id=15872]
  0x0000024a47cf6000 ConcurrentGCThread "G1 Refine#0" [stack: 0x000000ce2dc00000,0x000000ce2dd00000] [id=624]
  0x0000024a47cf9000 ConcurrentGCThread "G1 Young RemSet Sampling" [stack: 0x000000ce2dd00000,0x000000ce2de00000] [id=23016]

Threads with active compile tasks:

VM state:synchronizing (normal execution)

VM Mutex/Monitor currently owned by a thread:  ([mutex/lock_event])
[0x0000024a240d26f0] Threads_lock - owner thread: 0x0000024a4869a000
[0x0000024a240dbc30] Heap_lock - owner thread: 0x0000024a24151800

Heap address: 0x0000000700c00000, size: 4084 MB, Compressed Oops mode: Zero based, Oop shift amount: 3
Narrow klass base: 0x0000000800000000, Narrow klass shift: 0
Compressed class space size: 1073741824 Address: 0x0000000800000000

Heap:
 garbage-first heap   total 1008640K, used 750150K [0x0000000700c00000, 0x0000000800000000)
  region size 1024K, 5 young (5120K), 4 survivors (4096K)
 Metaspace       used 14504K, capacity 15090K, committed 15360K, reserved 1062912K
  class space    used 1542K, capacity 1751K, committed 1792K, reserved 1048576K
Heap Regions: E=young(eden), S=young(survivor), O=old, HS=humongous(starts), HC=humongous(continues), CS=collection set, F=free, A=archive, TAMS=top-at-mark-start (previous, next)
|   0|0x0000000700c00000, 0x0000000700c41c00, 0x0000000700d00000| 25%| O|  |TAMS 0x0000000700c41c00, 0x0000000700c00000| Updating 
|   1|0x0000000700d00000, 0x0000000700d00000, 0x0000000700e00000|  0%| F|  |TAMS 0x0000000700d00000, 0x0000000700d00000| Untracked 
|   2|0x0000000700e00000, 0x0000000700e00000, 0x0000000700f00000|  0%| F|  |TAMS 0x0000000700e00000, 0x0000000700e00000| Untracked 
|   3|0x0000000700f00000, 0x0000000700f00000, 0x0000000701000000|  0%| F|  |TAMS 0x0000000700f00000, 0x0000000700f00000| Untracked 
|   4|0x0000000701000000, 0x0000000701000000, 0x0000000701100000|  0%| F|  |TAMS 0x0000000701000000, 0x0000000701000000| Untracked 
|   5|0x0000000701100000, 0x0000000701100000, 0x0000000701200000|  0%| F|  |TAMS 0x0000000701100000, 0x0000000701100000| Untracked 
|   6|0x0000000701200000, 0x0000000701200000, 0x0000000701300000|  0%| F|  |TAMS 0x0000000701200000, 0x0000000701200000| Untracked 
|   7|0x0000000701300000, 0x0000000701300000, 0x0000000701400000|  0%| F|  |TAMS 0x0000000701300000, 0x0000000701300000| Untracked 
|   8|0x0000000701400000, 0x0000000701400000, 0x0000000701500000|  0%| F|  |TAMS 0x0000000701400000, 0x0000000701400000| Untracked 
|   9|0x0000000701500000, 0x0000000701500000, 0x0000000701600000|  0%| F|  |TAMS 0x0000000701500000, 0x0000000701500000| Untracked 
|  10|0x0000000701600000, 0x0000000701600000, 0x0000000701700000|  0%| F|  |TAMS 0x0000000701600000, 0x0000000701600000| Untracked 
|  11|0x0000000701700000, 0x0000000701700000, 0x0000000701800000|  0%| F|  |TAMS 0x0000000701700000, 0x0000000701700000| Untracked 
|  12|0x0000000701800000, 0x0000000701800000, 0x0000000701900000|  0%| F|  |TAMS 0x0000000701800000, 0x0000000701800000| Untracked 
|  13|0x0000000701900000, 0x0000000701900000, 0x0000000701a00000|  0%| F|  |TAMS 0x0000000701900000, 0x0000000701900000| Untracked 
|  14|0x0000000701a00000, 0x0000000701a00000, 0x0000000701b00000|  0%| F|  |TAMS 0x0000000701a00000, 0x0000000701a00000| Untracked 
|  15|0x0000000701b00000, 0x0000000701b00000, 0x0000000701c00000|  0%| F|  |TAMS 0x0000000701b00000, 0x0000000701b00000| Untracked 
|  16|0x0000000701c00000, 0x0000000701c00000, 0x0000000701d00000|  0%| F|  |TAMS 0x0000000701c00000, 0x0000000701c00000| Untracked 
|  17|0x0000000701d00000, 0x0000000701d00000, 0x0000000701e00000|  0%| F|  |TAMS 0x0000000701d00000, 0x0000000701d00000| Untracked 
|  18|0x0000000701e00000, 0x0000000701e00000, 0x0000000701f00000|  0%| F|  |TAMS 0x0000000701e00000, 0x0000000701e00000| Untracked 
|  19|0x0000000701f00000, 0x0000000701f00000, 0x0000000702000000|  0%| F|  |TAMS 0x0000000701f00000, 0x0000000701f00000| Untracked 
|  20|0x0000000702000000, 0x0000000702000000, 0x0000000702100000|  0%| F|  |TAMS 0x0000000702000000, 0x0000000702000000| Untracked 
|  21|0x0000000702100000, 0x0000000702100000, 0x0000000702200000|  0%| F|  |TAMS 0x0000000702100000, 0x0000000702100000| Untracked 
|  22|0x0000000702200000, 0x0000000702200000, 0x0000000702300000|  0%| F|  |TAMS 0x0000000702200000, 0x0000000702200000| Untracked 
|  23|0x0000000702300000, 0x0000000702300000, 0x0000000702400000|  0%| F|  |TAMS 0x0000000702300000, 0x0000000702300000| Untracked 
|  24|0x0000000702400000, 0x0000000702400000, 0x0000000702500000|  0%| F|  |TAMS 0x0000000702400000, 0x0000000702400000| Untracked 
|  25|0x0000000702500000, 0x0000000702500000, 0x0000000702600000|  0%| F|  |TAMS 0x0000000702500000, 0x0000000702500000| Untracked 
|  26|0x0000000702600000, 0x0000000702600000, 0x0000000702700000|  0%| F|  |TAMS 0x0000000702600000, 0x0000000702600000| Untracked 
|  27|0x0000000702700000, 0x0000000702700000, 0x0000000702800000|  0%| F|  |TAMS 0x0000000702700000, 0x0000000702700000| Untracked 
|  28|0x0000000702800000, 0x0000000702800000, 0x0000000702900000|  0%| F|  |TAMS 0x0000000702800000, 0x0000000702800000| Untracked 
|  29|0x0000000702900000, 0x0000000702900000, 0x0000000702a00000|  0%| F|  |TAMS 0x0000000702900000, 0x0000000702900000| Untracked 
|  30|0x0000000702a00000, 0x0000000702a00000, 0x0000000702b00000|  0%| F|  |TAMS 0x0000000702a00000, 0x0000000702a00000| Untracked 
|  31|0x0000000702b00000, 0x0000000702b00000, 0x0000000702c00000|  0%| F|  |TAMS 0x0000000702b00000, 0x0000000702b00000| Untracked 
|  32|0x0000000702c00000, 0x0000000702c00000, 0x0000000702d00000|  0%| F|  |TAMS 0x0000000702c00000, 0x0000000702c00000| Untracked 
|  33|0x0000000702d00000, 0x0000000702d00000, 0x0000000702e00000|  0%| F|  |TAMS 0x0000000702d00000, 0x0000000702d00000| Untracked 
|  34|0x0000000702e00000, 0x0000000702e00000, 0x0000000702f00000|  0%| F|  |TAMS 0x0000000702e00000, 0x0000000702e00000| Untracked 
|  35|0x0000000702f00000, 0x0000000702f00000, 0x0000000703000000|  0%| F|  |TAMS 0x0000000702f00000, 0x0000000702f00000| Untracked 
|  36|0x0000000703000000, 0x0000000703000000, 0x0000000703100000|  0%| F|  |TAMS 0x0000000703000000, 0x0000000703000000| Untracked 
|  37|0x0000000703100000, 0x0000000703100000, 0x0000000703200000|  0%| F|  |TAMS 0x0000000703100000, 0x0000000703100000| Untracked 
|  38|0x0000000703200000, 0x0000000703200000, 0x0000000703300000|  0%| F|  |TAMS 0x0000000703200000, 0x0000000703200000| Untracked 
|  39|0x0000000703300000, 0x0000000703300000, 0x0000000703400000|  0%| F|  |TAMS 0x0000000703300000, 0x0000000703300000| Untracked 
|  40|0x0000000703400000, 0x0000000703400000, 0x0000000703500000|  0%| F|  |TAMS 0x0000000703400000, 0x0000000703400000| Untracked 
|  41|0x0000000703500000, 0x0000000703500000, 0x0000000703600000|  0%| F|  |TAMS 0x0000000703500000, 0x0000000703500000| Untracked 
|  42|0x0000000703600000, 0x0000000703600000, 0x0000000703700000|  0%| F|  |TAMS 0x0000000703600000, 0x0000000703600000| Untracked 
|  43|0x0000000703700000, 0x0000000703700000, 0x0000000703800000|  0%| F|  |TAMS 0x0000000703700000, 0x0000000703700000| Untracked 
|  44|0x0000000703800000, 0x0000000703800000, 0x0000000703900000|  0%| F|  |TAMS 0x0000000703800000, 0x0000000703800000| Untracked 
|  45|0x0000000703900000, 0x0000000703900000, 0x0000000703a00000|  0%| F|  |TAMS 0x0000000703900000, 0x0000000703900000| Untracked 
|  46|0x0000000703a00000, 0x0000000703a00000, 0x0000000703b00000|  0%| F|  |TAMS 0x0000000703a00000, 0x0000000703a00000| Untracked 
|  47|0x0000000703b00000, 0x0000000703b00000, 0x0000000703c00000|  0%| F|  |TAMS 0x0000000703b00000, 0x0000000703b00000| Untracked 
|  48|0x0000000703c00000, 0x0000000703c00000, 0x0000000703d00000|  0%| F|  |TAMS 0x0000000703c00000, 0x0000000703c00000| Untracked 
|  49|0x0000000703d00000, 0x0000000703d00000, 0x0000000703e00000|  0%| F|  |TAMS 0x0000000703d00000, 0x0000000703d00000| Untracked 
|  50|0x0000000703e00000, 0x0000000703e00000, 0x0000000703f00000|  0%| F|  |TAMS 0x0000000703e00000, 0x0000000703e00000| Untracked 
|  51|0x0000000703f00000, 0x0000000703f00000, 0x0000000704000000|  0%| F|  |TAMS 0x0000000703f00000, 0x0000000703f00000| Untracked 
|  52|0x0000000704000000, 0x0000000704000000, 0x0000000704100000|  0%| F|  |TAMS 0x0000000704000000, 0x0000000704000000| Untracked 
|  53|0x0000000704100000, 0x0000000704100000, 0x0000000704200000|  0%| F|  |TAMS 0x0000000704100000, 0x0000000704100000| Untracked 
|  54|0x0000000704200000, 0x0000000704200000, 0x0000000704300000|  0%| F|  |TAMS 0x0000000704200000, 0x0000000704200000| Untracked 
|  55|0x0000000704300000, 0x0000000704300000, 0x0000000704400000|  0%| F|  |TAMS 0x0000000704300000, 0x0000000704300000| Untracked 
|  56|0x0000000704400000, 0x0000000704400000, 0x0000000704500000|  0%| F|  |TAMS 0x0000000704400000, 0x0000000704400000| Untracked 
|  57|0x0000000704500000, 0x0000000704500000, 0x0000000704600000|  0%| F|  |TAMS 0x0000000704500000, 0x0000000704500000| Untracked 
|  58|0x0000000704600000, 0x0000000704600000, 0x0000000704700000|  0%| F|  |TAMS 0x0000000704600000, 0x0000000704600000| Untracked 
|  59|0x0000000704700000, 0x0000000704700000, 0x0000000704800000|  0%| F|  |TAMS 0x0000000704700000, 0x0000000704700000| Untracked 
|  60|0x0000000704800000, 0x0000000704800000, 0x0000000704900000|  0%| F|  |TAMS 0x0000000704800000, 0x0000000704800000| Untracked 
|  61|0x0000000704900000, 0x0000000704900000, 0x0000000704a00000|  0%| F|  |TAMS 0x0000000704900000, 0x0000000704900000| Untracked 
|  62|0x0000000704a00000, 0x0000000704a00000, 0x0000000704b00000|  0%| F|  |TAMS 0x0000000704a00000, 0x0000000704a00000| Untracked 
|  63|0x0000000704b00000, 0x0000000704b00000, 0x0000000704c00000|  0%| F|  |TAMS 0x0000000704b00000, 0x0000000704b00000| Untracked 
|  64|0x0000000704c00000, 0x0000000704c00000, 0x0000000704d00000|  0%| F|  |TAMS 0x0000000704c00000, 0x0000000704c00000| Untracked 
|  65|0x0000000704d00000, 0x0000000704d00000, 0x0000000704e00000|  0%| F|  |TAMS 0x0000000704d00000, 0x0000000704d00000| Untracked 
|  66|0x0000000704e00000, 0x0000000704e00000, 0x0000000704f00000|  0%| F|  |TAMS 0x0000000704e00000, 0x0000000704e00000| Untracked 
|  67|0x0000000704f00000, 0x0000000704f00000, 0x0000000705000000|  0%| F|  |TAMS 0x0000000704f00000, 0x0000000704f00000| Untracked 
|  68|0x0000000705000000, 0x0000000705000000, 0x0000000705100000|  0%| F|  |TAMS 0x0000000705000000, 0x0000000705000000| Untracked 
|  69|0x0000000705100000, 0x0000000705100000, 0x0000000705200000|  0%| F|  |TAMS 0x0000000705100000, 0x0000000705100000| Untracked 
|  70|0x0000000705200000, 0x0000000705200000, 0x0000000705300000|  0%| F|  |TAMS 0x0000000705200000, 0x0000000705200000| Untracked 
|  71|0x0000000705300000, 0x0000000705300000, 0x0000000705400000|  0%| F|  |TAMS 0x0000000705300000, 0x0000000705300000| Untracked 
|  72|0x0000000705400000, 0x0000000705400000, 0x0000000705500000|  0%| F|  |TAMS 0x0000000705400000, 0x0000000705400000| Untracked 
|  73|0x0000000705500000, 0x0000000705500000, 0x0000000705600000|  0%| F|  |TAMS 0x0000000705500000, 0x0000000705500000| Untracked 
|  74|0x0000000705600000, 0x0000000705600000, 0x0000000705700000|  0%| F|  |TAMS 0x0000000705600000, 0x0000000705600000| Untracked 
|  75|0x0000000705700000, 0x0000000705700000, 0x0000000705800000|  0%| F|  |TAMS 0x0000000705700000, 0x0000000705700000| Untracked 
|  76|0x0000000705800000, 0x0000000705800000, 0x0000000705900000|  0%| F|  |TAMS 0x0000000705800000, 0x0000000705800000| Untracked 
|  77|0x0000000705900000, 0x0000000705900000, 0x0000000705a00000|  0%| F|  |TAMS 0x0000000705900000, 0x0000000705900000| Untracked 
|  78|0x0000000705a00000, 0x0000000705a00000, 0x0000000705b00000|  0%| F|  |TAMS 0x0000000705a00000, 0x0000000705a00000| Untracked 
|  79|0x0000000705b00000, 0x0000000705b00000, 0x0000000705c00000|  0%| F|  |TAMS 0x0000000705b00000, 0x0000000705b00000| Untracked 
|  80|0x0000000705c00000, 0x0000000705c00000, 0x0000000705d00000|  0%| F|  |TAMS 0x0000000705c00000, 0x0000000705c00000| Untracked 
|  81|0x0000000705d00000, 0x0000000705d00000, 0x0000000705e00000|  0%| F|  |TAMS 0x0000000705d00000, 0x0000000705d00000| Untracked 
|  82|0x0000000705e00000, 0x0000000705e00000, 0x0000000705f00000|  0%| F|  |TAMS 0x0000000705e00000, 0x0000000705e00000| Untracked 
|  83|0x0000000705f00000, 0x0000000705f00000, 0x0000000706000000|  0%| F|  |TAMS 0x0000000705f00000, 0x0000000705f00000| Untracked 
|  84|0x0000000706000000, 0x0000000706000000, 0x0000000706100000|  0%| F|  |TAMS 0x0000000706000000, 0x0000000706000000| Untracked 
|  85|0x0000000706100000, 0x0000000706100000, 0x0000000706200000|  0%| F|  |TAMS 0x0000000706100000, 0x0000000706100000| Untracked 
|  86|0x0000000706200000, 0x0000000706200000, 0x0000000706300000|  0%| F|  |TAMS 0x0000000706200000, 0x0000000706200000| Untracked 
|  87|0x0000000706300000, 0x0000000706300000, 0x0000000706400000|  0%| F|  |TAMS 0x0000000706300000, 0x0000000706300000| Untracked 
|  88|0x0000000706400000, 0x0000000706400000, 0x0000000706500000|  0%| F|  |TAMS 0x0000000706400000, 0x0000000706400000| Untracked 
|  89|0x0000000706500000, 0x0000000706500000, 0x0000000706600000|  0%| F|  |TAMS 0x0000000706500000, 0x0000000706500000| Untracked 
|  90|0x0000000706600000, 0x0000000706600000, 0x0000000706700000|  0%| F|  |TAMS 0x0000000706600000, 0x0000000706600000| Untracked 
|  91|0x0000000706700000, 0x0000000706700000, 0x0000000706800000|  0%| F|  |TAMS 0x0000000706700000, 0x0000000706700000| Untracked 
|  92|0x0000000706800000, 0x0000000706800000, 0x0000000706900000|  0%| F|  |TAMS 0x0000000706800000, 0x0000000706800000| Untracked 
|  93|0x0000000706900000, 0x0000000706900000, 0x0000000706a00000|  0%| F|  |TAMS 0x0000000706900000, 0x0000000706900000| Untracked 
|  94|0x0000000706a00000, 0x0000000706a00000, 0x0000000706b00000|  0%| F|  |TAMS 0x0000000706a00000, 0x0000000706a00000| Untracked 
|  95|0x0000000706b00000, 0x0000000706b00000, 0x0000000706c00000|  0%| F|  |TAMS 0x0000000706b00000, 0x0000000706b00000| Untracked 
|  96|0x0000000706c00000, 0x0000000706c00000, 0x0000000706d00000|  0%| F|  |TAMS 0x0000000706c00000, 0x0000000706c00000| Untracked 
|  97|0x0000000706d00000, 0x0000000706d00000, 0x0000000706e00000|  0%| F|  |TAMS 0x0000000706d00000, 0x0000000706d00000| Untracked 
|  98|0x0000000706e00000, 0x0000000706e00000, 0x0000000706f00000|  0%| F|  |TAMS 0x0000000706e00000, 0x0000000706e00000| Untracked 
|  99|0x0000000706f00000, 0x0000000706f00000, 0x0000000707000000|  0%| F|  |TAMS 0x0000000706f00000, 0x0000000706f00000| Untracked 
| 100|0x0000000707000000, 0x0000000707000000, 0x0000000707100000|  0%| F|  |TAMS 0x0000000707000000, 0x0000000707000000| Untracked 
| 101|0x0000000707100000, 0x0000000707100000, 0x0000000707200000|  0%| F|  |TAMS 0x0000000707100000, 0x0000000707100000| Untracked 
| 102|0x0000000707200000, 0x0000000707200000, 0x0000000707300000|  0%| F|  |TAMS 0x0000000707200000, 0x0000000707200000| Untracked 
| 103|0x0000000707300000, 0x0000000707300000, 0x0000000707400000|  0%| F|  |TAMS 0x0000000707300000, 0x0000000707300000| Untracked 
| 104|0x0000000707400000, 0x0000000707400000, 0x0000000707500000|  0%| F|  |TAMS 0x0000000707400000, 0x0000000707400000| Untracked 
| 105|0x0000000707500000, 0x0000000707500000, 0x0000000707600000|  0%| F|  |TAMS 0x0000000707500000, 0x0000000707500000| Untracked 
| 106|0x0000000707600000, 0x0000000707600000, 0x0000000707700000|  0%| F|  |TAMS 0x0000000707600000, 0x0000000707600000| Untracked 
| 107|0x0000000707700000, 0x0000000707700000, 0x0000000707800000|  0%| F|  |TAMS 0x0000000707700000, 0x0000000707700000| Untracked 
| 108|0x0000000707800000, 0x0000000707800000, 0x0000000707900000|  0%| F|  |TAMS 0x0000000707800000, 0x0000000707800000| Untracked 
| 109|0x0000000707900000, 0x0000000707900000, 0x0000000707a00000|  0%| F|  |TAMS 0x0000000707900000, 0x0000000707900000| Untracked 
| 110|0x0000000707a00000, 0x0000000707a00000, 0x0000000707b00000|  0%| F|  |TAMS 0x0000000707a00000, 0x0000000707a00000| Untracked 
| 111|0x0000000707b00000, 0x0000000707b00000, 0x0000000707c00000|  0%| F|  |TAMS 0x0000000707b00000, 0x0000000707b00000| Untracked 
| 112|0x0000000707c00000, 0x0000000707c00000, 0x0000000707d00000|  0%| F|  |TAMS 0x0000000707c00000, 0x0000000707c00000| Untracked 
| 113|0x0000000707d00000, 0x0000000707d00000, 0x0000000707e00000|  0%| F|  |TAMS 0x0000000707d00000, 0x0000000707d00000| Untracked 
| 114|0x0000000707e00000, 0x0000000707e00000, 0x0000000707f00000|  0%| F|  |TAMS 0x0000000707e00000, 0x0000000707e00000| Untracked 
| 115|0x0000000707f00000, 0x0000000707f00000, 0x0000000708000000|  0%| F|  |TAMS 0x0000000707f00000, 0x0000000707f00000| Untracked 
| 116|0x0000000708000000, 0x0000000708000000, 0x0000000708100000|  0%| F|  |TAMS 0x0000000708000000, 0x0000000708000000| Untracked 
| 117|0x0000000708100000, 0x0000000708100000, 0x0000000708200000|  0%| F|  |TAMS 0x0000000708100000, 0x0000000708100000| Untracked 
| 118|0x0000000708200000, 0x0000000708200000, 0x0000000708300000|  0%| F|  |TAMS 0x0000000708200000, 0x0000000708200000| Untracked 
| 119|0x0000000708300000, 0x0000000708300000, 0x0000000708400000|  0%| F|  |TAMS 0x0000000708300000, 0x0000000708300000| Untracked 
| 120|0x0000000708400000, 0x0000000708400000, 0x0000000708500000|  0%| F|  |TAMS 0x0000000708400000, 0x0000000708400000| Untracked 
| 121|0x0000000708500000, 0x0000000708500000, 0x0000000708600000|  0%| F|  |TAMS 0x0000000708500000, 0x0000000708500000| Untracked 
| 122|0x0000000708600000, 0x0000000708600000, 0x0000000708700000|  0%| F|  |TAMS 0x0000000708600000, 0x0000000708600000| Untracked 
| 123|0x0000000708700000, 0x0000000708700000, 0x0000000708800000|  0%| F|  |TAMS 0x0000000708700000, 0x0000000708700000| Untracked 
| 124|0x0000000708800000, 0x0000000708800000, 0x0000000708900000|  0%| F|  |TAMS 0x0000000708800000, 0x0000000708800000| Untracked 
| 125|0x0000000708900000, 0x0000000708900000, 0x0000000708a00000|  0%| F|  |TAMS 0x0000000708900000, 0x0000000708900000| Untracked 
| 126|0x0000000708a00000, 0x0000000708a00000, 0x0000000708b00000|  0%| F|  |TAMS 0x0000000708a00000, 0x0000000708a00000| Untracked 
| 127|0x0000000708b00000, 0x0000000708b00000, 0x0000000708c00000|  0%| F|  |TAMS 0x0000000708b00000, 0x0000000708b00000| Untracked 
| 128|0x0000000708c00000, 0x0000000708c00000, 0x0000000708d00000|  0%| F|  |TAMS 0x0000000708c00000, 0x0000000708c00000| Untracked 
| 129|0x0000000708d00000, 0x0000000708d00000, 0x0000000708e00000|  0%| F|  |TAMS 0x0000000708d00000, 0x0000000708d00000| Untracked 
| 130|0x0000000708e00000, 0x0000000708e00000, 0x0000000708f00000|  0%| F|  |TAMS 0x0000000708e00000, 0x0000000708e00000| Untracked 
| 131|0x0000000708f00000, 0x0000000708f00000, 0x0000000709000000|  0%| F|  |TAMS 0x0000000708f00000, 0x0000000708f00000| Untracked 
| 132|0x0000000709000000, 0x0000000709000000, 0x0000000709100000|  0%| F|  |TAMS 0x0000000709000000, 0x0000000709000000| Untracked 
| 133|0x0000000709100000, 0x0000000709100000, 0x0000000709200000|  0%| F|  |TAMS 0x0000000709100000, 0x0000000709100000| Untracked 
| 134|0x0000000709200000, 0x0000000709200000, 0x0000000709300000|  0%| F|  |TAMS 0x0000000709200000, 0x0000000709200000| Untracked 
| 135|0x0000000709300000, 0x0000000709300000, 0x0000000709400000|  0%| F|  |TAMS 0x0000000709300000, 0x0000000709300000| Untracked 
| 136|0x0000000709400000, 0x0000000709400000, 0x0000000709500000|  0%| F|  |TAMS 0x0000000709400000, 0x0000000709400000| Untracked 
| 137|0x0000000709500000, 0x0000000709500000, 0x0000000709600000|  0%| F|  |TAMS 0x0000000709500000, 0x0000000709500000| Untracked 
| 138|0x0000000709600000, 0x0000000709600000, 0x0000000709700000|  0%| F|  |TAMS 0x0000000709600000, 0x0000000709600000| Untracked 
| 139|0x0000000709700000, 0x0000000709700000, 0x0000000709800000|  0%| F|  |TAMS 0x0000000709700000, 0x0000000709700000| Untracked 
| 140|0x0000000709800000, 0x0000000709800000, 0x0000000709900000|  0%| F|  |TAMS 0x0000000709800000, 0x0000000709800000| Untracked 
| 141|0x0000000709900000, 0x0000000709900000, 0x0000000709a00000|  0%| F|  |TAMS 0x0000000709900000, 0x0000000709900000| Untracked 
| 142|0x0000000709a00000, 0x0000000709a00000, 0x0000000709b00000|  0%| F|  |TAMS 0x0000000709a00000, 0x0000000709a00000| Untracked 
| 143|0x0000000709b00000, 0x0000000709b00000, 0x0000000709c00000|  0%| F|  |TAMS 0x0000000709b00000, 0x0000000709b00000| Untracked 
| 144|0x0000000709c00000, 0x0000000709c00000, 0x0000000709d00000|  0%| F|  |TAMS 0x0000000709c00000, 0x0000000709c00000| Untracked 
| 145|0x0000000709d00000, 0x0000000709d00000, 0x0000000709e00000|  0%| F|  |TAMS 0x0000000709d00000, 0x0000000709d00000| Untracked 
| 146|0x0000000709e00000, 0x0000000709e00000, 0x0000000709f00000|  0%| F|  |TAMS 0x0000000709e00000, 0x0000000709e00000| Untracked 
| 147|0x0000000709f00000, 0x0000000709f00000, 0x000000070a000000|  0%| F|  |TAMS 0x0000000709f00000, 0x0000000709f00000| Untracked 
| 148|0x000000070a000000, 0x000000070a000000, 0x000000070a100000|  0%| F|  |TAMS 0x000000070a000000, 0x000000070a000000| Untracked 
| 149|0x000000070a100000, 0x000000070a100000, 0x000000070a200000|  0%| F|  |TAMS 0x000000070a100000, 0x000000070a100000| Untracked 
| 150|0x000000070a200000, 0x000000070a200000, 0x000000070a300000|  0%| F|  |TAMS 0x000000070a200000, 0x000000070a200000| Untracked 
| 151|0x000000070a300000, 0x000000070a300000, 0x000000070a400000|  0%| F|  |TAMS 0x000000070a300000, 0x000000070a300000| Untracked 
| 152|0x000000070a400000, 0x000000070a400000, 0x000000070a500000|  0%| F|  |TAMS 0x000000070a400000, 0x000000070a400000| Untracked 
| 153|0x000000070a500000, 0x000000070a500000, 0x000000070a600000|  0%| F|  |TAMS 0x000000070a500000, 0x000000070a500000| Untracked 
| 154|0x000000070a600000, 0x000000070a600000, 0x000000070a700000|  0%| F|  |TAMS 0x000000070a600000, 0x000000070a600000| Untracked 
| 155|0x000000070a700000, 0x000000070a700000, 0x000000070a800000|  0%| F|  |TAMS 0x000000070a700000, 0x000000070a700000| Untracked 
| 156|0x000000070a800000, 0x000000070a800000, 0x000000070a900000|  0%| F|  |TAMS 0x000000070a800000, 0x000000070a800000| Untracked 
| 157|0x000000070a900000, 0x000000070a900000, 0x000000070aa00000|  0%| F|  |TAMS 0x000000070a900000, 0x000000070a900000| Untracked 
| 158|0x000000070aa00000, 0x000000070aa00000, 0x000000070ab00000|  0%| F|  |TAMS 0x000000070aa00000, 0x000000070aa00000| Untracked 
| 159|0x000000070ab00000, 0x000000070ab00000, 0x000000070ac00000|  0%| F|  |TAMS 0x000000070ab00000, 0x000000070ab00000| Untracked 
| 160|0x000000070ac00000, 0x000000070ac00000, 0x000000070ad00000|  0%| F|  |TAMS 0x000000070ac00000, 0x000000070ac00000| Untracked 
| 161|0x000000070ad00000, 0x000000070ad00000, 0x000000070ae00000|  0%| F|  |TAMS 0x000000070ad00000, 0x000000070ad00000| Untracked 
| 162|0x000000070ae00000, 0x000000070ae00000, 0x000000070af00000|  0%| F|  |TAMS 0x000000070ae00000, 0x000000070ae00000| Untracked 
| 163|0x000000070af00000, 0x000000070af00000, 0x000000070b000000|  0%| F|  |TAMS 0x000000070af00000, 0x000000070af00000| Untracked 
| 164|0x000000070b000000, 0x000000070b000000, 0x000000070b100000|  0%| F|  |TAMS 0x000000070b000000, 0x000000070b000000| Untracked 
| 165|0x000000070b100000, 0x000000070b100000, 0x000000070b200000|  0%| F|  |TAMS 0x000000070b100000, 0x000000070b100000| Untracked 
| 166|0x000000070b200000, 0x000000070b200000, 0x000000070b300000|  0%| F|  |TAMS 0x000000070b200000, 0x000000070b200000| Untracked 
| 167|0x000000070b300000, 0x000000070b300000, 0x000000070b400000|  0%| F|  |TAMS 0x000000070b300000, 0x000000070b300000| Untracked 
| 168|0x000000070b400000, 0x000000070b400000, 0x000000070b500000|  0%| F|  |TAMS 0x000000070b400000, 0x000000070b400000| Untracked 
| 169|0x000000070b500000, 0x000000070b500000, 0x000000070b600000|  0%| F|  |TAMS 0x000000070b500000, 0x000000070b500000| Untracked 
| 170|0x000000070b600000, 0x000000070b600000, 0x000000070b700000|  0%| F|  |TAMS 0x000000070b600000, 0x000000070b600000| Untracked 
| 171|0x000000070b700000, 0x000000070b700000, 0x000000070b800000|  0%| F|  |TAMS 0x000000070b700000, 0x000000070b700000| Untracked 
| 172|0x000000070b800000, 0x000000070b800000, 0x000000070b900000|  0%| F|  |TAMS 0x000000070b800000, 0x000000070b800000| Untracked 
| 173|0x000000070b900000, 0x000000070b900000, 0x000000070ba00000|  0%| F|  |TAMS 0x000000070b900000, 0x000000070b900000| Untracked 
| 174|0x000000070ba00000, 0x000000070ba00000, 0x000000070bb00000|  0%| F|  |TAMS 0x000000070ba00000, 0x000000070ba00000| Untracked 
| 175|0x000000070bb00000, 0x000000070bb00000, 0x000000070bc00000|  0%| F|  |TAMS 0x000000070bb00000, 0x000000070bb00000| Untracked 
| 176|0x000000070bc00000, 0x000000070bc00000, 0x000000070bd00000|  0%| F|  |TAMS 0x000000070bc00000, 0x000000070bc00000| Untracked 
| 177|0x000000070bd00000, 0x000000070bd00000, 0x000000070be00000|  0%| F|  |TAMS 0x000000070bd00000, 0x000000070bd00000| Untracked 
| 178|0x000000070be00000, 0x000000070be00000, 0x000000070bf00000|  0%| F|  |TAMS 0x000000070be00000, 0x000000070be00000| Untracked 
| 179|0x000000070bf00000, 0x000000070bf00000, 0x000000070c000000|  0%| F|  |TAMS 0x000000070bf00000, 0x000000070bf00000| Untracked 
| 180|0x000000070c000000, 0x000000070c000000, 0x000000070c100000|  0%| F|  |TAMS 0x000000070c000000, 0x000000070c000000| Untracked 
| 181|0x000000070c100000, 0x000000070c100000, 0x000000070c200000|  0%| F|  |TAMS 0x000000070c100000, 0x000000070c100000| Untracked 
| 182|0x000000070c200000, 0x000000070c200000, 0x000000070c300000|  0%| F|  |TAMS 0x000000070c200000, 0x000000070c200000| Untracked 
| 183|0x000000070c300000, 0x000000070c300000, 0x000000070c400000|  0%| F|  |TAMS 0x000000070c300000, 0x000000070c300000| Untracked 
| 184|0x000000070c400000, 0x000000070c400000, 0x000000070c500000|  0%| F|  |TAMS 0x000000070c400000, 0x000000070c400000| Untracked 
| 185|0x000000070c500000, 0x000000070c500000, 0x000000070c600000|  0%| F|  |TAMS 0x000000070c500000, 0x000000070c500000| Untracked 
| 186|0x000000070c600000, 0x000000070c600000, 0x000000070c700000|  0%| F|  |TAMS 0x000000070c600000, 0x000000070c600000| Untracked 
| 187|0x000000070c700000, 0x000000070c700000, 0x000000070c800000|  0%| F|  |TAMS 0x000000070c700000, 0x000000070c700000| Untracked 
| 188|0x000000070c800000, 0x000000070c800000, 0x000000070c900000|  0%| F|  |TAMS 0x000000070c800000, 0x000000070c800000| Untracked 
| 189|0x000000070c900000, 0x000000070c900000, 0x000000070ca00000|  0%| F|  |TAMS 0x000000070c900000, 0x000000070c900000| Untracked 
| 190|0x000000070ca00000, 0x000000070ca00000, 0x000000070cb00000|  0%| F|  |TAMS 0x000000070ca00000, 0x000000070ca00000| Untracked 
| 191|0x000000070cb00000, 0x000000070cb00000, 0x000000070cc00000|  0%| F|  |TAMS 0x000000070cb00000, 0x000000070cb00000| Untracked 
| 192|0x000000070cc00000, 0x000000070cc00000, 0x000000070cd00000|  0%| F|  |TAMS 0x000000070cc00000, 0x000000070cc00000| Untracked 
| 193|0x000000070cd00000, 0x000000070cd00000, 0x000000070ce00000|  0%| F|  |TAMS 0x000000070cd00000, 0x000000070cd00000| Untracked 
| 194|0x000000070ce00000, 0x000000070ce00000, 0x000000070cf00000|  0%| F|  |TAMS 0x000000070ce00000, 0x000000070ce00000| Untracked 
| 195|0x000000070cf00000, 0x000000070cf00000, 0x000000070d000000|  0%| F|  |TAMS 0x000000070cf00000, 0x000000070cf00000| Untracked 
| 196|0x000000070d000000, 0x000000070d000000, 0x000000070d100000|  0%| F|  |TAMS 0x000000070d000000, 0x000000070d000000| Untracked 
| 197|0x000000070d100000, 0x000000070d100000, 0x000000070d200000|  0%| F|  |TAMS 0x000000070d100000, 0x000000070d100000| Untracked 
| 198|0x000000070d200000, 0x000000070d200000, 0x000000070d300000|  0%| F|  |TAMS 0x000000070d200000, 0x000000070d200000| Untracked 
| 199|0x000000070d300000, 0x000000070d300000, 0x000000070d400000|  0%| F|  |TAMS 0x000000070d300000, 0x000000070d300000| Untracked 
| 200|0x000000070d400000, 0x000000070d400000, 0x000000070d500000|  0%| F|  |TAMS 0x000000070d400000, 0x000000070d400000| Untracked 
| 201|0x000000070d500000, 0x000000070d500000, 0x000000070d600000|  0%| F|  |TAMS 0x000000070d500000, 0x000000070d500000| Untracked 
| 202|0x000000070d600000, 0x000000070d600000, 0x000000070d700000|  0%| F|  |TAMS 0x000000070d600000, 0x000000070d600000| Untracked 
| 203|0x000000070d700000, 0x000000070d700000, 0x000000070d800000|  0%| F|  |TAMS 0x000000070d700000, 0x000000070d700000| Untracked 
| 204|0x000000070d800000, 0x000000070d800000, 0x000000070d900000|  0%| F|  |TAMS 0x000000070d800000, 0x000000070d800000| Untracked 
| 205|0x000000070d900000, 0x000000070d900000, 0x000000070da00000|  0%| F|  |TAMS 0x000000070d900000, 0x000000070d900000| Untracked 
| 206|0x000000070da00000, 0x000000070da00000, 0x000000070db00000|  0%| F|  |TAMS 0x000000070da00000, 0x000000070da00000| Untracked 
| 207|0x000000070db00000, 0x000000070db00000, 0x000000070dc00000|  0%| F|  |TAMS 0x000000070db00000, 0x000000070db00000| Untracked 
| 208|0x000000070dc00000, 0x000000070dc00000, 0x000000070dd00000|  0%| F|  |TAMS 0x000000070dc00000, 0x000000070dc00000| Untracked 
| 209|0x000000070dd00000, 0x000000070dd00000, 0x000000070de00000|  0%| F|  |TAMS 0x000000070dd00000, 0x000000070dd00000| Untracked 
| 210|0x000000070de00000, 0x000000070de00000, 0x000000070df00000|  0%| F|  |TAMS 0x000000070de00000, 0x000000070de00000| Untracked 
| 211|0x000000070df00000, 0x000000070df00000, 0x000000070e000000|  0%| F|  |TAMS 0x000000070df00000, 0x000000070df00000| Untracked 
| 212|0x000000070e000000, 0x000000070e000000, 0x000000070e100000|  0%| F|  |TAMS 0x000000070e000000, 0x000000070e000000| Untracked 
| 213|0x000000070e100000, 0x000000070e100000, 0x000000070e200000|  0%| F|  |TAMS 0x000000070e100000, 0x000000070e100000| Untracked 
| 214|0x000000070e200000, 0x000000070e200000, 0x000000070e300000|  0%| F|  |TAMS 0x000000070e200000, 0x000000070e200000| Untracked 
| 215|0x000000070e300000, 0x000000070e300000, 0x000000070e400000|  0%| F|  |TAMS 0x000000070e300000, 0x000000070e300000| Untracked 
| 216|0x000000070e400000, 0x000000070e400000, 0x000000070e500000|  0%| F|  |TAMS 0x000000070e400000, 0x000000070e400000| Untracked 
| 217|0x000000070e500000, 0x000000070e500000, 0x000000070e600000|  0%| F|  |TAMS 0x000000070e500000, 0x000000070e500000| Untracked 
| 218|0x000000070e600000, 0x000000070e600000, 0x000000070e700000|  0%| F|  |TAMS 0x000000070e600000, 0x000000070e600000| Untracked 
| 219|0x000000070e700000, 0x000000070e700000, 0x000000070e800000|  0%| F|  |TAMS 0x000000070e700000, 0x000000070e700000| Untracked 
| 220|0x000000070e800000, 0x000000070e800000, 0x000000070e900000|  0%| F|  |TAMS 0x000000070e800000, 0x000000070e800000| Untracked 
| 221|0x000000070e900000, 0x000000070e900000, 0x000000070ea00000|  0%| F|  |TAMS 0x000000070e900000, 0x000000070e900000| Untracked 
| 222|0x000000070ea00000, 0x000000070ea00000, 0x000000070eb00000|  0%| F|  |TAMS 0x000000070ea00000, 0x000000070ea00000| Untracked 
| 223|0x000000070eb00000, 0x000000070eb00000, 0x000000070ec00000|  0%| F|  |TAMS 0x000000070eb00000, 0x000000070eb00000| Untracked 
| 224|0x000000070ec00000, 0x000000070ec00000, 0x000000070ed00000|  0%| F|  |TAMS 0x000000070ec00000, 0x000000070ec00000| Untracked 
| 225|0x000000070ed00000, 0x000000070ed00000, 0x000000070ee00000|  0%| F|  |TAMS 0x000000070ed00000, 0x000000070ed00000| Untracked 
| 226|0x000000070ee00000, 0x000000070ee00000, 0x000000070ef00000|  0%| F|  |TAMS 0x000000070ee00000, 0x000000070ee00000| Untracked 
| 227|0x000000070ef00000, 0x000000070ef00000, 0x000000070f000000|  0%| F|  |TAMS 0x000000070ef00000, 0x000000070ef00000| Untracked 
| 228|0x000000070f000000, 0x000000070f000000, 0x000000070f100000|  0%| F|  |TAMS 0x000000070f000000, 0x000000070f000000| Untracked 
| 229|0x000000070f100000, 0x000000070f100000, 0x000000070f200000|  0%| F|  |TAMS 0x000000070f100000, 0x000000070f100000| Untracked 
| 230|0x000000070f200000, 0x000000070f200000, 0x000000070f300000|  0%| F|  |TAMS 0x000000070f200000, 0x000000070f200000| Untracked 
| 231|0x000000070f300000, 0x000000070f300000, 0x000000070f400000|  0%| F|  |TAMS 0x000000070f300000, 0x000000070f300000| Untracked 
| 232|0x000000070f400000, 0x000000070f400000, 0x000000070f500000|  0%| F|  |TAMS 0x000000070f400000, 0x000000070f400000| Untracked 
| 233|0x000000070f500000, 0x000000070f500000, 0x000000070f600000|  0%| F|  |TAMS 0x000000070f500000, 0x000000070f500000| Untracked 
| 234|0x000000070f600000, 0x000000070f600000, 0x000000070f700000|  0%| F|  |TAMS 0x000000070f600000, 0x000000070f600000| Untracked 
| 235|0x000000070f700000, 0x000000070f700000, 0x000000070f800000|  0%| F|  |TAMS 0x000000070f700000, 0x000000070f700000| Untracked 
| 236|0x000000070f800000, 0x000000070f800000, 0x000000070f900000|  0%| F|  |TAMS 0x000000070f800000, 0x000000070f800000| Untracked 
| 237|0x000000070f900000, 0x000000070f900000, 0x000000070fa00000|  0%| F|  |TAMS 0x000000070f900000, 0x000000070f900000| Untracked 
| 238|0x000000070fa00000, 0x000000070fa00000, 0x000000070fb00000|  0%| F|  |TAMS 0x000000070fa00000, 0x000000070fa00000| Untracked 
| 239|0x000000070fb00000, 0x000000070fb00000, 0x000000070fc00000|  0%| F|  |TAMS 0x000000070fb00000, 0x000000070fb00000| Untracked 
| 240|0x000000070fc00000, 0x000000070fc00000, 0x000000070fd00000|  0%| F|  |TAMS 0x000000070fc00000, 0x000000070fc00000| Untracked 
| 241|0x000000070fd00000, 0x000000070fd00000, 0x000000070fe00000|  0%| F|  |TAMS 0x000000070fd00000, 0x000000070fd00000| Untracked 
| 242|0x000000070fe00000, 0x000000070fe00000, 0x000000070ff00000|  0%| F|  |TAMS 0x000000070fe00000, 0x000000070fe00000| Untracked 
| 243|0x000000070ff00000, 0x000000070ff00000, 0x0000000710000000|  0%| F|  |TAMS 0x000000070ff00000, 0x000000070ff00000| Untracked 
| 244|0x0000000710000000, 0x0000000710000000, 0x0000000710100000|  0%| F|  |TAMS 0x0000000710000000, 0x0000000710000000| Untracked 
| 245|0x0000000710100000, 0x0000000710100000, 0x0000000710200000|  0%| F|  |TAMS 0x0000000710100000, 0x0000000710100000| Untracked 
| 246|0x0000000710200000, 0x0000000710200000, 0x0000000710300000|  0%| F|  |TAMS 0x0000000710200000, 0x0000000710200000| Untracked 
| 247|0x0000000710300000, 0x0000000710300000, 0x0000000710400000|  0%| F|  |TAMS 0x0000000710300000, 0x0000000710300000| Untracked 
| 248|0x0000000710400000, 0x0000000710400000, 0x0000000710500000|  0%| F|  |TAMS 0x0000000710400000, 0x0000000710400000| Untracked 
| 249|0x0000000710500000, 0x000000071054ff20, 0x0000000710600000| 31%| S|CS|TAMS 0x0000000710500000, 0x0000000710500000| Complete 
| 250|0x0000000710600000, 0x0000000710700000, 0x0000000710700000|100%| S|CS|TAMS 0x0000000710600000, 0x0000000710600000| Complete 
| 251|0x0000000710700000, 0x0000000710800000, 0x0000000710800000|100%| S|CS|TAMS 0x0000000710700000, 0x0000000710700000| Complete 
| 252|0x0000000710800000, 0x0000000710900000, 0x0000000710900000|100%| S|CS|TAMS 0x0000000710800000, 0x0000000710800000| Complete 
| 253|0x0000000710900000, 0x0000000710a00000, 0x0000000710a00000|100%|HS|  |TAMS 0x0000000710900000, 0x0000000710900000| Complete 
| 254|0x0000000710a00000, 0x0000000710b00000, 0x0000000710b00000|100%|HC|  |TAMS 0x0000000710a00000, 0x0000000710a00000| Complete 
| 255|0x0000000710b00000, 0x0000000710c00000, 0x0000000710c00000|100%|HC|  |TAMS 0x0000000710b00000, 0x0000000710b00000| Complete 
| 256|0x0000000710c00000, 0x0000000710d00000, 0x0000000710d00000|100%|HC|  |TAMS 0x0000000710c00000, 0x0000000710c00000| Complete 
| 257|0x0000000710d00000, 0x0000000710e00000, 0x0000000710e00000|100%|HC|  |TAMS 0x0000000710d00000, 0x0000000710d00000| Complete 
| 258|0x0000000710e00000, 0x0000000710f00000, 0x0000000710f00000|100%|HC|  |TAMS 0x0000000710e00000, 0x0000000710e00000| Complete 
| 259|0x0000000710f00000, 0x0000000711000000, 0x0000000711000000|100%|HC|  |TAMS 0x0000000710f00000, 0x0000000710f00000| Complete 
| 260|0x0000000711000000, 0x0000000711100000, 0x0000000711100000|100%|HC|  |TAMS 0x0000000711000000, 0x0000000711000000| Complete 
| 261|0x0000000711100000, 0x0000000711200000, 0x0000000711200000|100%|HC|  |TAMS 0x0000000711100000, 0x0000000711100000| Complete 
| 262|0x0000000711200000, 0x0000000711300000, 0x0000000711300000|100%|HC|  |TAMS 0x0000000711200000, 0x0000000711200000| Complete 
| 263|0x0000000711300000, 0x0000000711400000, 0x0000000711400000|100%|HC|  |TAMS 0x0000000711300000, 0x0000000711300000| Complete 
| 264|0x0000000711400000, 0x0000000711500000, 0x0000000711500000|100%|HC|  |TAMS 0x0000000711400000, 0x0000000711400000| Complete 
| 265|0x0000000711500000, 0x0000000711600000, 0x0000000711600000|100%|HC|  |TAMS 0x0000000711500000, 0x0000000711500000| Complete 
| 266|0x0000000711600000, 0x0000000711700000, 0x0000000711700000|100%|HC|  |TAMS 0x0000000711600000, 0x0000000711600000| Complete 
| 267|0x0000000711700000, 0x0000000711800000, 0x0000000711800000|100%|HC|  |TAMS 0x0000000711700000, 0x0000000711700000| Complete 
| 268|0x0000000711800000, 0x0000000711900000, 0x0000000711900000|100%|HC|  |TAMS 0x0000000711800000, 0x0000000711800000| Complete 
| 269|0x0000000711900000, 0x0000000711a00000, 0x0000000711a00000|100%|HC|  |TAMS 0x0000000711900000, 0x0000000711900000| Complete 
| 270|0x0000000711a00000, 0x0000000711b00000, 0x0000000711b00000|100%|HC|  |TAMS 0x0000000711a00000, 0x0000000711a00000| Complete 
| 271|0x0000000711b00000, 0x0000000711c00000, 0x0000000711c00000|100%|HC|  |TAMS 0x0000000711b00000, 0x0000000711b00000| Complete 
| 272|0x0000000711c00000, 0x0000000711d00000, 0x0000000711d00000|100%|HC|  |TAMS 0x0000000711c00000, 0x0000000711c00000| Complete 
| 273|0x0000000711d00000, 0x0000000711e00000, 0x0000000711e00000|100%|HC|  |TAMS 0x0000000711d00000, 0x0000000711d00000| Complete 
| 274|0x0000000711e00000, 0x0000000711f00000, 0x0000000711f00000|100%|HC|  |TAMS 0x0000000711e00000, 0x0000000711e00000| Complete 
| 275|0x0000000711f00000, 0x0000000712000000, 0x0000000712000000|100%|HC|  |TAMS 0x0000000711f00000, 0x0000000711f00000| Complete 
| 276|0x0000000712000000, 0x0000000712100000, 0x0000000712100000|100%|HC|  |TAMS 0x0000000712000000, 0x0000000712000000| Complete 
| 277|0x0000000712100000, 0x0000000712200000, 0x0000000712200000|100%|HC|  |TAMS 0x0000000712100000, 0x0000000712100000| Complete 
| 278|0x0000000712200000, 0x0000000712300000, 0x0000000712300000|100%|HC|  |TAMS 0x0000000712200000, 0x0000000712200000| Complete 
| 279|0x0000000712300000, 0x0000000712400000, 0x0000000712400000|100%|HC|  |TAMS 0x0000000712300000, 0x0000000712300000| Complete 
| 280|0x0000000712400000, 0x0000000712500000, 0x0000000712500000|100%|HC|  |TAMS 0x0000000712400000, 0x0000000712400000| Complete 
| 281|0x0000000712500000, 0x0000000712600000, 0x0000000712600000|100%|HC|  |TAMS 0x0000000712500000, 0x0000000712500000| Complete 
| 282|0x0000000712600000, 0x0000000712700000, 0x0000000712700000|100%|HC|  |TAMS 0x0000000712600000, 0x0000000712600000| Complete 
| 283|0x0000000712700000, 0x0000000712800000, 0x0000000712800000|100%|HC|  |TAMS 0x0000000712700000, 0x0000000712700000| Complete 
| 284|0x0000000712800000, 0x0000000712900000, 0x0000000712900000|100%|HC|  |TAMS 0x0000000712800000, 0x0000000712800000| Complete 
| 285|0x0000000712900000, 0x0000000712a00000, 0x0000000712a00000|100%|HC|  |TAMS 0x0000000712900000, 0x0000000712900000| Complete 
| 286|0x0000000712a00000, 0x0000000712b00000, 0x0000000712b00000|100%|HC|  |TAMS 0x0000000712a00000, 0x0000000712a00000| Complete 
| 287|0x0000000712b00000, 0x0000000712c00000, 0x0000000712c00000|100%|HC|  |TAMS 0x0000000712b00000, 0x0000000712b00000| Complete 
| 288|0x0000000712c00000, 0x0000000712d00000, 0x0000000712d00000|100%|HC|  |TAMS 0x0000000712c00000, 0x0000000712c00000| Complete 
| 289|0x0000000712d00000, 0x0000000712e00000, 0x0000000712e00000|100%|HC|  |TAMS 0x0000000712d00000, 0x0000000712d00000| Complete 
| 290|0x0000000712e00000, 0x0000000712f00000, 0x0000000712f00000|100%|HC|  |TAMS 0x0000000712e00000, 0x0000000712e00000| Complete 
| 291|0x0000000712f00000, 0x0000000713000000, 0x0000000713000000|100%|HC|  |TAMS 0x0000000712f00000, 0x0000000712f00000| Complete 
| 292|0x0000000713000000, 0x0000000713100000, 0x0000000713100000|100%|HC|  |TAMS 0x0000000713000000, 0x0000000713000000| Complete 
| 293|0x0000000713100000, 0x0000000713200000, 0x0000000713200000|100%|HC|  |TAMS 0x0000000713100000, 0x0000000713100000| Complete 
| 294|0x0000000713200000, 0x0000000713300000, 0x0000000713300000|100%|HC|  |TAMS 0x0000000713200000, 0x0000000713200000| Complete 
| 295|0x0000000713300000, 0x0000000713400000, 0x0000000713400000|100%|HC|  |TAMS 0x0000000713300000, 0x0000000713300000| Complete 
| 296|0x0000000713400000, 0x0000000713500000, 0x0000000713500000|100%|HC|  |TAMS 0x0000000713400000, 0x0000000713400000| Complete 
| 297|0x0000000713500000, 0x0000000713600000, 0x0000000713600000|100%|HC|  |TAMS 0x0000000713500000, 0x0000000713500000| Complete 
| 298|0x0000000713600000, 0x0000000713700000, 0x0000000713700000|100%|HC|  |TAMS 0x0000000713600000, 0x0000000713600000| Complete 
| 299|0x0000000713700000, 0x0000000713800000, 0x0000000713800000|100%|HC|  |TAMS 0x0000000713700000, 0x0000000713700000| Complete 
| 300|0x0000000713800000, 0x0000000713900000, 0x0000000713900000|100%|HC|  |TAMS 0x0000000713800000, 0x0000000713800000| Complete 
| 301|0x0000000713900000, 0x0000000713a00000, 0x0000000713a00000|100%|HC|  |TAMS 0x0000000713900000, 0x0000000713900000| Complete 
| 302|0x0000000713a00000, 0x0000000713b00000, 0x0000000713b00000|100%|HC|  |TAMS 0x0000000713a00000, 0x0000000713a00000| Complete 
| 303|0x0000000713b00000, 0x0000000713c00000, 0x0000000713c00000|100%|HC|  |TAMS 0x0000000713b00000, 0x0000000713b00000| Complete 
| 304|0x0000000713c00000, 0x0000000713d00000, 0x0000000713d00000|100%|HC|  |TAMS 0x0000000713c00000, 0x0000000713c00000| Complete 
| 305|0x0000000713d00000, 0x0000000713e00000, 0x0000000713e00000|100%|HC|  |TAMS 0x0000000713d00000, 0x0000000713d00000| Complete 
| 306|0x0000000713e00000, 0x0000000713f00000, 0x0000000713f00000|100%|HC|  |TAMS 0x0000000713e00000, 0x0000000713e00000| Complete 
| 307|0x0000000713f00000, 0x0000000714000000, 0x0000000714000000|100%|HC|  |TAMS 0x0000000713f00000, 0x0000000713f00000| Complete 
| 308|0x0000000714000000, 0x0000000714100000, 0x0000000714100000|100%|HC|  |TAMS 0x0000000714000000, 0x0000000714000000| Complete 
| 309|0x0000000714100000, 0x0000000714200000, 0x0000000714200000|100%|HC|  |TAMS 0x0000000714100000, 0x0000000714100000| Complete 
| 310|0x0000000714200000, 0x0000000714300000, 0x0000000714300000|100%|HC|  |TAMS 0x0000000714200000, 0x0000000714200000| Complete 
| 311|0x0000000714300000, 0x0000000714400000, 0x0000000714400000|100%|HC|  |TAMS 0x0000000714300000, 0x0000000714300000| Complete 
| 312|0x0000000714400000, 0x0000000714500000, 0x0000000714500000|100%|HC|  |TAMS 0x0000000714400000, 0x0000000714400000| Complete 
| 313|0x0000000714500000, 0x0000000714600000, 0x0000000714600000|100%|HC|  |TAMS 0x0000000714500000, 0x0000000714500000| Complete 
| 314|0x0000000714600000, 0x0000000714700000, 0x0000000714700000|100%|HC|  |TAMS 0x0000000714600000, 0x0000000714600000| Complete 
| 315|0x0000000714700000, 0x0000000714800000, 0x0000000714800000|100%|HC|  |TAMS 0x0000000714700000, 0x0000000714700000| Complete 
| 316|0x0000000714800000, 0x0000000714900000, 0x0000000714900000|100%|HC|  |TAMS 0x0000000714800000, 0x0000000714800000| Complete 
| 317|0x0000000714900000, 0x0000000714a00000, 0x0000000714a00000|100%|HC|  |TAMS 0x0000000714900000, 0x0000000714900000| Complete 
| 318|0x0000000714a00000, 0x0000000714b00000, 0x0000000714b00000|100%|HC|  |TAMS 0x0000000714a00000, 0x0000000714a00000| Complete 
| 319|0x0000000714b00000, 0x0000000714c00000, 0x0000000714c00000|100%|HC|  |TAMS 0x0000000714b00000, 0x0000000714b00000| Complete 
| 320|0x0000000714c00000, 0x0000000714d00000, 0x0000000714d00000|100%|HC|  |TAMS 0x0000000714c00000, 0x0000000714c00000| Complete 
| 321|0x0000000714d00000, 0x0000000714e00000, 0x0000000714e00000|100%|HC|  |TAMS 0x0000000714d00000, 0x0000000714d00000| Complete 
| 322|0x0000000714e00000, 0x0000000714f00000, 0x0000000714f00000|100%|HC|  |TAMS 0x0000000714e00000, 0x0000000714e00000| Complete 
| 323|0x0000000714f00000, 0x0000000715000000, 0x0000000715000000|100%|HC|  |TAMS 0x0000000714f00000, 0x0000000714f00000| Complete 
| 324|0x0000000715000000, 0x0000000715100000, 0x0000000715100000|100%|HC|  |TAMS 0x0000000715000000, 0x0000000715000000| Complete 
| 325|0x0000000715100000, 0x0000000715200000, 0x0000000715200000|100%|HC|  |TAMS 0x0000000715100000, 0x0000000715100000| Complete 
| 326|0x0000000715200000, 0x0000000715300000, 0x0000000715300000|100%|HC|  |TAMS 0x0000000715200000, 0x0000000715200000| Complete 
| 327|0x0000000715300000, 0x0000000715400000, 0x0000000715400000|100%|HC|  |TAMS 0x0000000715300000, 0x0000000715300000| Complete 
| 328|0x0000000715400000, 0x0000000715500000, 0x0000000715500000|100%|HC|  |TAMS 0x0000000715400000, 0x0000000715400000| Complete 
| 329|0x0000000715500000, 0x0000000715600000, 0x0000000715600000|100%|HC|  |TAMS 0x0000000715500000, 0x0000000715500000| Complete 
| 330|0x0000000715600000, 0x0000000715700000, 0x0000000715700000|100%|HC|  |TAMS 0x0000000715600000, 0x0000000715600000| Complete 
| 331|0x0000000715700000, 0x0000000715800000, 0x0000000715800000|100%|HC|  |TAMS 0x0000000715700000, 0x0000000715700000| Complete 
| 332|0x0000000715800000, 0x0000000715900000, 0x0000000715900000|100%|HC|  |TAMS 0x0000000715800000, 0x0000000715800000| Complete 
| 333|0x0000000715900000, 0x0000000715a00000, 0x0000000715a00000|100%|HC|  |TAMS 0x0000000715900000, 0x0000000715900000| Complete 
| 334|0x0000000715a00000, 0x0000000715b00000, 0x0000000715b00000|100%|HC|  |TAMS 0x0000000715a00000, 0x0000000715a00000| Complete 
| 335|0x0000000715b00000, 0x0000000715c00000, 0x0000000715c00000|100%|HC|  |TAMS 0x0000000715b00000, 0x0000000715b00000| Complete 
| 336|0x0000000715c00000, 0x0000000715d00000, 0x0000000715d00000|100%|HC|  |TAMS 0x0000000715c00000, 0x0000000715c00000| Complete 
| 337|0x0000000715d00000, 0x0000000715e00000, 0x0000000715e00000|100%|HC|  |TAMS 0x0000000715d00000, 0x0000000715d00000| Complete 
| 338|0x0000000715e00000, 0x0000000715f00000, 0x0000000715f00000|100%|HC|  |TAMS 0x0000000715e00000, 0x0000000715e00000| Complete 
| 339|0x0000000715f00000, 0x0000000716000000, 0x0000000716000000|100%|HC|  |TAMS 0x0000000715f00000, 0x0000000715f00000| Complete 
| 340|0x0000000716000000, 0x0000000716100000, 0x0000000716100000|100%|HC|  |TAMS 0x0000000716000000, 0x0000000716000000| Complete 
| 341|0x0000000716100000, 0x0000000716200000, 0x0000000716200000|100%|HC|  |TAMS 0x0000000716100000, 0x0000000716100000| Complete 
| 342|0x0000000716200000, 0x0000000716300000, 0x0000000716300000|100%|HC|  |TAMS 0x0000000716200000, 0x0000000716200000| Complete 
| 343|0x0000000716300000, 0x0000000716400000, 0x0000000716400000|100%|HC|  |TAMS 0x0000000716300000, 0x0000000716300000| Complete 
| 344|0x0000000716400000, 0x0000000716500000, 0x0000000716500000|100%|HC|  |TAMS 0x0000000716400000, 0x0000000716400000| Complete 
| 345|0x0000000716500000, 0x0000000716600000, 0x0000000716600000|100%|HC|  |TAMS 0x0000000716500000, 0x0000000716500000| Complete 
| 346|0x0000000716600000, 0x0000000716700000, 0x0000000716700000|100%|HC|  |TAMS 0x0000000716600000, 0x0000000716600000| Complete 
| 347|0x0000000716700000, 0x0000000716800000, 0x0000000716800000|100%|HC|  |TAMS 0x0000000716700000, 0x0000000716700000| Complete 
| 348|0x0000000716800000, 0x0000000716900000, 0x0000000716900000|100%|HC|  |TAMS 0x0000000716800000, 0x0000000716800000| Complete 
| 349|0x0000000716900000, 0x0000000716a00000, 0x0000000716a00000|100%|HC|  |TAMS 0x0000000716900000, 0x0000000716900000| Complete 
| 350|0x0000000716a00000, 0x0000000716b00000, 0x0000000716b00000|100%|HC|  |TAMS 0x0000000716a00000, 0x0000000716a00000| Complete 
| 351|0x0000000716b00000, 0x0000000716c00000, 0x0000000716c00000|100%|HC|  |TAMS 0x0000000716b00000, 0x0000000716b00000| Complete 
| 352|0x0000000716c00000, 0x0000000716d00000, 0x0000000716d00000|100%|HC|  |TAMS 0x0000000716c00000, 0x0000000716c00000| Complete 
| 353|0x0000000716d00000, 0x0000000716e00000, 0x0000000716e00000|100%|HC|  |TAMS 0x0000000716d00000, 0x0000000716d00000| Complete 
| 354|0x0000000716e00000, 0x0000000716f00000, 0x0000000716f00000|100%|HC|  |TAMS 0x0000000716e00000, 0x0000000716e00000| Complete 
| 355|0x0000000716f00000, 0x0000000717000000, 0x0000000717000000|100%|HC|  |TAMS 0x0000000716f00000, 0x0000000716f00000| Complete 
| 356|0x0000000717000000, 0x0000000717100000, 0x0000000717100000|100%|HC|  |TAMS 0x0000000717000000, 0x0000000717000000| Complete 
| 357|0x0000000717100000, 0x0000000717200000, 0x0000000717200000|100%|HC|  |TAMS 0x0000000717100000, 0x0000000717100000| Complete 
| 358|0x0000000717200000, 0x0000000717300000, 0x0000000717300000|100%|HC|  |TAMS 0x0000000717200000, 0x0000000717200000| Complete 
| 359|0x0000000717300000, 0x0000000717400000, 0x0000000717400000|100%|HC|  |TAMS 0x0000000717300000, 0x0000000717300000| Complete 
| 360|0x0000000717400000, 0x0000000717500000, 0x0000000717500000|100%|HC|  |TAMS 0x0000000717400000, 0x0000000717400000| Complete 
| 361|0x0000000717500000, 0x0000000717600000, 0x0000000717600000|100%|HC|  |TAMS 0x0000000717500000, 0x0000000717500000| Complete 
| 362|0x0000000717600000, 0x0000000717700000, 0x0000000717700000|100%|HC|  |TAMS 0x0000000717600000, 0x0000000717600000| Complete 
| 363|0x0000000717700000, 0x0000000717800000, 0x0000000717800000|100%|HC|  |TAMS 0x0000000717700000, 0x0000000717700000| Complete 
| 364|0x0000000717800000, 0x0000000717900000, 0x0000000717900000|100%|HC|  |TAMS 0x0000000717800000, 0x0000000717800000| Complete 
| 365|0x0000000717900000, 0x0000000717a00000, 0x0000000717a00000|100%|HC|  |TAMS 0x0000000717900000, 0x0000000717900000| Complete 
| 366|0x0000000717a00000, 0x0000000717b00000, 0x0000000717b00000|100%|HC|  |TAMS 0x0000000717a00000, 0x0000000717a00000| Complete 
| 367|0x0000000717b00000, 0x0000000717c00000, 0x0000000717c00000|100%|HC|  |TAMS 0x0000000717b00000, 0x0000000717b00000| Complete 
| 368|0x0000000717c00000, 0x0000000717d00000, 0x0000000717d00000|100%|HC|  |TAMS 0x0000000717c00000, 0x0000000717c00000| Complete 
| 369|0x0000000717d00000, 0x0000000717e00000, 0x0000000717e00000|100%|HC|  |TAMS 0x0000000717d00000, 0x0000000717d00000| Complete 
| 370|0x0000000717e00000, 0x0000000717f00000, 0x0000000717f00000|100%|HC|  |TAMS 0x0000000717e00000, 0x0000000717e00000| Complete 
| 371|0x0000000717f00000, 0x0000000718000000, 0x0000000718000000|100%|HC|  |TAMS 0x0000000717f00000, 0x0000000717f00000| Complete 
| 372|0x0000000718000000, 0x0000000718100000, 0x0000000718100000|100%|HC|  |TAMS 0x0000000718000000, 0x0000000718000000| Complete 
| 373|0x0000000718100000, 0x0000000718200000, 0x0000000718200000|100%|HC|  |TAMS 0x0000000718100000, 0x0000000718100000| Complete 
| 374|0x0000000718200000, 0x0000000718300000, 0x0000000718300000|100%|HC|  |TAMS 0x0000000718200000, 0x0000000718200000| Complete 
| 375|0x0000000718300000, 0x0000000718400000, 0x0000000718400000|100%|HC|  |TAMS 0x0000000718300000, 0x0000000718300000| Complete 
| 376|0x0000000718400000, 0x0000000718500000, 0x0000000718500000|100%|HC|  |TAMS 0x0000000718400000, 0x0000000718400000| Complete 
| 377|0x0000000718500000, 0x0000000718600000, 0x0000000718600000|100%|HC|  |TAMS 0x0000000718500000, 0x0000000718500000| Complete 
| 378|0x0000000718600000, 0x0000000718700000, 0x0000000718700000|100%|HC|  |TAMS 0x0000000718600000, 0x0000000718600000| Complete 
| 379|0x0000000718700000, 0x0000000718800000, 0x0000000718800000|100%|HC|  |TAMS 0x0000000718700000, 0x0000000718700000| Complete 
| 380|0x0000000718800000, 0x0000000718900000, 0x0000000718900000|100%|HC|  |TAMS 0x0000000718800000, 0x0000000718800000| Complete 
| 381|0x0000000718900000, 0x0000000718a00000, 0x0000000718a00000|100%|HC|  |TAMS 0x0000000718900000, 0x0000000718900000| Complete 
| 382|0x0000000718a00000, 0x0000000718b00000, 0x0000000718b00000|100%|HC|  |TAMS 0x0000000718a00000, 0x0000000718a00000| Complete 
| 383|0x0000000718b00000, 0x0000000718c00000, 0x0000000718c00000|100%|HC|  |TAMS 0x0000000718b00000, 0x0000000718b00000| Complete 
| 384|0x0000000718c00000, 0x0000000718d00000, 0x0000000718d00000|100%|HC|  |TAMS 0x0000000718c00000, 0x0000000718c00000| Complete 
| 385|0x0000000718d00000, 0x0000000718e00000, 0x0000000718e00000|100%|HC|  |TAMS 0x0000000718d00000, 0x0000000718d00000| Complete 
| 386|0x0000000718e00000, 0x0000000718f00000, 0x0000000718f00000|100%|HC|  |TAMS 0x0000000718e00000, 0x0000000718e00000| Complete 
| 387|0x0000000718f00000, 0x0000000719000000, 0x0000000719000000|100%|HC|  |TAMS 0x0000000718f00000, 0x0000000718f00000| Complete 
| 388|0x0000000719000000, 0x0000000719100000, 0x0000000719100000|100%|HC|  |TAMS 0x0000000719000000, 0x0000000719000000| Complete 
| 389|0x0000000719100000, 0x0000000719200000, 0x0000000719200000|100%|HC|  |TAMS 0x0000000719100000, 0x0000000719100000| Complete 
| 390|0x0000000719200000, 0x0000000719300000, 0x0000000719300000|100%|HC|  |TAMS 0x0000000719200000, 0x0000000719200000| Complete 
| 391|0x0000000719300000, 0x0000000719400000, 0x0000000719400000|100%|HC|  |TAMS 0x0000000719300000, 0x0000000719300000| Complete 
| 392|0x0000000719400000, 0x0000000719500000, 0x0000000719500000|100%|HC|  |TAMS 0x0000000719400000, 0x0000000719400000| Complete 
| 393|0x0000000719500000, 0x0000000719600000, 0x0000000719600000|100%|HC|  |TAMS 0x0000000719500000, 0x0000000719500000| Complete 
| 394|0x0000000719600000, 0x0000000719700000, 0x0000000719700000|100%|HC|  |TAMS 0x0000000719600000, 0x0000000719600000| Complete 
| 395|0x0000000719700000, 0x0000000719800000, 0x0000000719800000|100%|HC|  |TAMS 0x0000000719700000, 0x0000000719700000| Complete 
| 396|0x0000000719800000, 0x0000000719900000, 0x0000000719900000|100%|HC|  |TAMS 0x0000000719800000, 0x0000000719800000| Complete 
| 397|0x0000000719900000, 0x0000000719a00000, 0x0000000719a00000|100%|HC|  |TAMS 0x0000000719900000, 0x0000000719900000| Complete 
| 398|0x0000000719a00000, 0x0000000719b00000, 0x0000000719b00000|100%|HC|  |TAMS 0x0000000719a00000, 0x0000000719a00000| Complete 
| 399|0x0000000719b00000, 0x0000000719c00000, 0x0000000719c00000|100%|HC|  |TAMS 0x0000000719b00000, 0x0000000719b00000| Complete 
| 400|0x0000000719c00000, 0x0000000719d00000, 0x0000000719d00000|100%|HC|  |TAMS 0x0000000719c00000, 0x0000000719c00000| Complete 
| 401|0x0000000719d00000, 0x0000000719e00000, 0x0000000719e00000|100%|HC|  |TAMS 0x0000000719d00000, 0x0000000719d00000| Complete 
| 402|0x0000000719e00000, 0x0000000719f00000, 0x0000000719f00000|100%|HC|  |TAMS 0x0000000719e00000, 0x0000000719e00000| Complete 
| 403|0x0000000719f00000, 0x000000071a000000, 0x000000071a000000|100%|HC|  |TAMS 0x0000000719f00000, 0x0000000719f00000| Complete 
| 404|0x000000071a000000, 0x000000071a100000, 0x000000071a100000|100%|HC|  |TAMS 0x000000071a000000, 0x000000071a000000| Complete 
| 405|0x000000071a100000, 0x000000071a200000, 0x000000071a200000|100%|HC|  |TAMS 0x000000071a100000, 0x000000071a100000| Complete 
| 406|0x000000071a200000, 0x000000071a300000, 0x000000071a300000|100%|HC|  |TAMS 0x000000071a200000, 0x000000071a200000| Complete 
| 407|0x000000071a300000, 0x000000071a400000, 0x000000071a400000|100%|HC|  |TAMS 0x000000071a300000, 0x000000071a300000| Complete 
| 408|0x000000071a400000, 0x000000071a500000, 0x000000071a500000|100%|HC|  |TAMS 0x000000071a400000, 0x000000071a400000| Complete 
| 409|0x000000071a500000, 0x000000071a600000, 0x000000071a600000|100%|HC|  |TAMS 0x000000071a500000, 0x000000071a500000| Complete 
| 410|0x000000071a600000, 0x000000071a700000, 0x000000071a700000|100%|HC|  |TAMS 0x000000071a600000, 0x000000071a600000| Complete 
| 411|0x000000071a700000, 0x000000071a800000, 0x000000071a800000|100%|HC|  |TAMS 0x000000071a700000, 0x000000071a700000| Complete 
| 412|0x000000071a800000, 0x000000071a900000, 0x000000071a900000|100%|HC|  |TAMS 0x000000071a800000, 0x000000071a800000| Complete 
| 413|0x000000071a900000, 0x000000071aa00000, 0x000000071aa00000|100%|HC|  |TAMS 0x000000071a900000, 0x000000071a900000| Complete 
| 414|0x000000071aa00000, 0x000000071ab00000, 0x000000071ab00000|100%|HC|  |TAMS 0x000000071aa00000, 0x000000071aa00000| Complete 
| 415|0x000000071ab00000, 0x000000071ac00000, 0x000000071ac00000|100%|HC|  |TAMS 0x000000071ab00000, 0x000000071ab00000| Complete 
| 416|0x000000071ac00000, 0x000000071ad00000, 0x000000071ad00000|100%|HC|  |TAMS 0x000000071ac00000, 0x000000071ac00000| Complete 
| 417|0x000000071ad00000, 0x000000071ae00000, 0x000000071ae00000|100%|HC|  |TAMS 0x000000071ad00000, 0x000000071ad00000| Complete 
| 418|0x000000071ae00000, 0x000000071af00000, 0x000000071af00000|100%|HC|  |TAMS 0x000000071ae00000, 0x000000071ae00000| Complete 
| 419|0x000000071af00000, 0x000000071b000000, 0x000000071b000000|100%|HC|  |TAMS 0x000000071af00000, 0x000000071af00000| Complete 
| 420|0x000000071b000000, 0x000000071b100000, 0x000000071b100000|100%|HC|  |TAMS 0x000000071b000000, 0x000000071b000000| Complete 
| 421|0x000000071b100000, 0x000000071b200000, 0x000000071b200000|100%|HC|  |TAMS 0x000000071b100000, 0x000000071b100000| Complete 
| 422|0x000000071b200000, 0x000000071b300000, 0x000000071b300000|100%|HC|  |TAMS 0x000000071b200000, 0x000000071b200000| Complete 
| 423|0x000000071b300000, 0x000000071b400000, 0x000000071b400000|100%|HC|  |TAMS 0x000000071b300000, 0x000000071b300000| Complete 
| 424|0x000000071b400000, 0x000000071b500000, 0x000000071b500000|100%|HC|  |TAMS 0x000000071b400000, 0x000000071b400000| Complete 
| 425|0x000000071b500000, 0x000000071b600000, 0x000000071b600000|100%|HC|  |TAMS 0x000000071b500000, 0x000000071b500000| Complete 
| 426|0x000000071b600000, 0x000000071b700000, 0x000000071b700000|100%|HC|  |TAMS 0x000000071b600000, 0x000000071b600000| Complete 
| 427|0x000000071b700000, 0x000000071b800000, 0x000000071b800000|100%|HC|  |TAMS 0x000000071b700000, 0x000000071b700000| Complete 
| 428|0x000000071b800000, 0x000000071b900000, 0x000000071b900000|100%|HC|  |TAMS 0x000000071b800000, 0x000000071b800000| Complete 
| 429|0x000000071b900000, 0x000000071ba00000, 0x000000071ba00000|100%|HC|  |TAMS 0x000000071b900000, 0x000000071b900000| Complete 
| 430|0x000000071ba00000, 0x000000071bb00000, 0x000000071bb00000|100%|HC|  |TAMS 0x000000071ba00000, 0x000000071ba00000| Complete 
| 431|0x000000071bb00000, 0x000000071bc00000, 0x000000071bc00000|100%|HC|  |TAMS 0x000000071bb00000, 0x000000071bb00000| Complete 
| 432|0x000000071bc00000, 0x000000071bd00000, 0x000000071bd00000|100%|HC|  |TAMS 0x000000071bc00000, 0x000000071bc00000| Complete 
| 433|0x000000071bd00000, 0x000000071be00000, 0x000000071be00000|100%|HC|  |TAMS 0x000000071bd00000, 0x000000071bd00000| Complete 
| 434|0x000000071be00000, 0x000000071bf00000, 0x000000071bf00000|100%|HC|  |TAMS 0x000000071be00000, 0x000000071be00000| Complete 
| 435|0x000000071bf00000, 0x000000071c000000, 0x000000071c000000|100%|HC|  |TAMS 0x000000071bf00000, 0x000000071bf00000| Complete 
| 436|0x000000071c000000, 0x000000071c100000, 0x000000071c100000|100%|HC|  |TAMS 0x000000071c000000, 0x000000071c000000| Complete 
| 437|0x000000071c100000, 0x000000071c200000, 0x000000071c200000|100%|HC|  |TAMS 0x000000071c100000, 0x000000071c100000| Complete 
| 438|0x000000071c200000, 0x000000071c300000, 0x000000071c300000|100%|HC|  |TAMS 0x000000071c200000, 0x000000071c200000| Complete 
| 439|0x000000071c300000, 0x000000071c400000, 0x000000071c400000|100%|HC|  |TAMS 0x000000071c300000, 0x000000071c300000| Complete 
| 440|0x000000071c400000, 0x000000071c500000, 0x000000071c500000|100%|HC|  |TAMS 0x000000071c400000, 0x000000071c400000| Complete 
| 441|0x000000071c500000, 0x000000071c600000, 0x000000071c600000|100%|HC|  |TAMS 0x000000071c500000, 0x000000071c500000| Complete 
| 442|0x000000071c600000, 0x000000071c700000, 0x000000071c700000|100%|HC|  |TAMS 0x000000071c600000, 0x000000071c600000| Complete 
| 443|0x000000071c700000, 0x000000071c800000, 0x000000071c800000|100%|HC|  |TAMS 0x000000071c700000, 0x000000071c700000| Complete 
| 444|0x000000071c800000, 0x000000071c900000, 0x000000071c900000|100%|HC|  |TAMS 0x000000071c800000, 0x000000071c800000| Complete 
| 445|0x000000071c900000, 0x000000071ca00000, 0x000000071ca00000|100%|HC|  |TAMS 0x000000071c900000, 0x000000071c900000| Complete 
| 446|0x000000071ca00000, 0x000000071cb00000, 0x000000071cb00000|100%|HC|  |TAMS 0x000000071ca00000, 0x000000071ca00000| Complete 
| 447|0x000000071cb00000, 0x000000071cc00000, 0x000000071cc00000|100%|HC|  |TAMS 0x000000071cb00000, 0x000000071cb00000| Complete 
| 448|0x000000071cc00000, 0x000000071cd00000, 0x000000071cd00000|100%|HC|  |TAMS 0x000000071cc00000, 0x000000071cc00000| Complete 
| 449|0x000000071cd00000, 0x000000071ce00000, 0x000000071ce00000|100%|HC|  |TAMS 0x000000071cd00000, 0x000000071cd00000| Complete 
| 450|0x000000071ce00000, 0x000000071cf00000, 0x000000071cf00000|100%|HC|  |TAMS 0x000000071ce00000, 0x000000071ce00000| Complete 
| 451|0x000000071cf00000, 0x000000071d000000, 0x000000071d000000|100%|HC|  |TAMS 0x000000071cf00000, 0x000000071cf00000| Complete 
| 452|0x000000071d000000, 0x000000071d100000, 0x000000071d100000|100%|HC|  |TAMS 0x000000071d000000, 0x000000071d000000| Complete 
| 453|0x000000071d100000, 0x000000071d200000, 0x000000071d200000|100%|HC|  |TAMS 0x000000071d100000, 0x000000071d100000| Complete 
| 454|0x000000071d200000, 0x000000071d300000, 0x000000071d300000|100%|HC|  |TAMS 0x000000071d200000, 0x000000071d200000| Complete 
| 455|0x000000071d300000, 0x000000071d400000, 0x000000071d400000|100%|HC|  |TAMS 0x000000071d300000, 0x000000071d300000| Complete 
| 456|0x000000071d400000, 0x000000071d500000, 0x000000071d500000|100%|HC|  |TAMS 0x000000071d400000, 0x000000071d400000| Complete 
| 457|0x000000071d500000, 0x000000071d600000, 0x000000071d600000|100%|HC|  |TAMS 0x000000071d500000, 0x000000071d500000| Complete 
| 458|0x000000071d600000, 0x000000071d700000, 0x000000071d700000|100%|HC|  |TAMS 0x000000071d600000, 0x000000071d600000| Complete 
| 459|0x000000071d700000, 0x000000071d800000, 0x000000071d800000|100%|HC|  |TAMS 0x000000071d700000, 0x000000071d700000| Complete 
| 460|0x000000071d800000, 0x000000071d900000, 0x000000071d900000|100%|HC|  |TAMS 0x000000071d800000, 0x000000071d800000| Complete 
| 461|0x000000071d900000, 0x000000071da00000, 0x000000071da00000|100%|HC|  |TAMS 0x000000071d900000, 0x000000071d900000| Complete 
| 462|0x000000071da00000, 0x000000071db00000, 0x000000071db00000|100%|HC|  |TAMS 0x000000071da00000, 0x000000071da00000| Complete 
| 463|0x000000071db00000, 0x000000071dc00000, 0x000000071dc00000|100%|HC|  |TAMS 0x000000071db00000, 0x000000071db00000| Complete 
| 464|0x000000071dc00000, 0x000000071dd00000, 0x000000071dd00000|100%|HC|  |TAMS 0x000000071dc00000, 0x000000071dc00000| Complete 
| 465|0x000000071dd00000, 0x000000071de00000, 0x000000071de00000|100%|HC|  |TAMS 0x000000071dd00000, 0x000000071dd00000| Complete 
| 466|0x000000071de00000, 0x000000071df00000, 0x000000071df00000|100%|HC|  |TAMS 0x000000071de00000, 0x000000071de00000| Complete 
| 467|0x000000071df00000, 0x000000071e000000, 0x000000071e000000|100%|HC|  |TAMS 0x000000071df00000, 0x000000071df00000| Complete 
| 468|0x000000071e000000, 0x000000071e100000, 0x000000071e100000|100%|HC|  |TAMS 0x000000071e000000, 0x000000071e000000| Complete 
| 469|0x000000071e100000, 0x000000071e200000, 0x000000071e200000|100%|HC|  |TAMS 0x000000071e100000, 0x000000071e100000| Complete 
| 470|0x000000071e200000, 0x000000071e300000, 0x000000071e300000|100%|HC|  |TAMS 0x000000071e200000, 0x000000071e200000| Complete 
| 471|0x000000071e300000, 0x000000071e400000, 0x000000071e400000|100%|HC|  |TAMS 0x000000071e300000, 0x000000071e300000| Complete 
| 472|0x000000071e400000, 0x000000071e500000, 0x000000071e500000|100%|HC|  |TAMS 0x000000071e400000, 0x000000071e400000| Complete 
| 473|0x000000071e500000, 0x000000071e600000, 0x000000071e600000|100%|HC|  |TAMS 0x000000071e500000, 0x000000071e500000| Complete 
| 474|0x000000071e600000, 0x000000071e700000, 0x000000071e700000|100%|HC|  |TAMS 0x000000071e600000, 0x000000071e600000| Complete 
| 475|0x000000071e700000, 0x000000071e800000, 0x000000071e800000|100%|HC|  |TAMS 0x000000071e700000, 0x000000071e700000| Complete 
| 476|0x000000071e800000, 0x000000071e900000, 0x000000071e900000|100%|HC|  |TAMS 0x000000071e800000, 0x000000071e800000| Complete 
| 477|0x000000071e900000, 0x000000071ea00000, 0x000000071ea00000|100%|HC|  |TAMS 0x000000071e900000, 0x000000071e900000| Complete 
| 478|0x000000071ea00000, 0x000000071eb00000, 0x000000071eb00000|100%|HC|  |TAMS 0x000000071ea00000, 0x000000071ea00000| Complete 
| 479|0x000000071eb00000, 0x000000071ec00000, 0x000000071ec00000|100%|HC|  |TAMS 0x000000071eb00000, 0x000000071eb00000| Complete 
| 480|0x000000071ec00000, 0x000000071ed00000, 0x000000071ed00000|100%|HC|  |TAMS 0x000000071ec00000, 0x000000071ec00000| Complete 
| 481|0x000000071ed00000, 0x000000071ee00000, 0x000000071ee00000|100%|HC|  |TAMS 0x000000071ed00000, 0x000000071ed00000| Complete 
| 482|0x000000071ee00000, 0x000000071ef00000, 0x000000071ef00000|100%|HC|  |TAMS 0x000000071ee00000, 0x000000071ee00000| Complete 
| 483|0x000000071ef00000, 0x000000071f000000, 0x000000071f000000|100%|HC|  |TAMS 0x000000071ef00000, 0x000000071ef00000| Complete 
| 484|0x000000071f000000, 0x000000071f100000, 0x000000071f100000|100%|HC|  |TAMS 0x000000071f000000, 0x000000071f000000| Complete 
| 485|0x000000071f100000, 0x000000071f200000, 0x000000071f200000|100%|HC|  |TAMS 0x000000071f100000, 0x000000071f100000| Complete 
| 486|0x000000071f200000, 0x000000071f300000, 0x000000071f300000|100%|HC|  |TAMS 0x000000071f200000, 0x000000071f200000| Complete 
| 487|0x000000071f300000, 0x000000071f400000, 0x000000071f400000|100%|HC|  |TAMS 0x000000071f300000, 0x000000071f300000| Complete 
| 488|0x000000071f400000, 0x000000071f500000, 0x000000071f500000|100%|HC|  |TAMS 0x000000071f400000, 0x000000071f400000| Complete 
| 489|0x000000071f500000, 0x000000071f600000, 0x000000071f600000|100%|HC|  |TAMS 0x000000071f500000, 0x000000071f500000| Complete 
| 490|0x000000071f600000, 0x000000071f700000, 0x000000071f700000|100%|HC|  |TAMS 0x000000071f600000, 0x000000071f600000| Complete 
| 491|0x000000071f700000, 0x000000071f800000, 0x000000071f800000|100%|HC|  |TAMS 0x000000071f700000, 0x000000071f700000| Complete 
| 492|0x000000071f800000, 0x000000071f900000, 0x000000071f900000|100%|HC|  |TAMS 0x000000071f800000, 0x000000071f800000| Complete 
| 493|0x000000071f900000, 0x000000071fa00000, 0x000000071fa00000|100%|HC|  |TAMS 0x000000071f900000, 0x000000071f900000| Complete 
| 494|0x000000071fa00000, 0x000000071fb00000, 0x000000071fb00000|100%|HC|  |TAMS 0x000000071fa00000, 0x000000071fa00000| Complete 
| 495|0x000000071fb00000, 0x000000071fc00000, 0x000000071fc00000|100%|HC|  |TAMS 0x000000071fb00000, 0x000000071fb00000| Complete 
| 496|0x000000071fc00000, 0x000000071fd00000, 0x000000071fd00000|100%|HC|  |TAMS 0x000000071fc00000, 0x000000071fc00000| Complete 
| 497|0x000000071fd00000, 0x000000071fe00000, 0x000000071fe00000|100%|HC|  |TAMS 0x000000071fd00000, 0x000000071fd00000| Complete 
| 498|0x000000071fe00000, 0x000000071ff00000, 0x000000071ff00000|100%|HC|  |TAMS 0x000000071fe00000, 0x000000071fe00000| Complete 
| 499|0x000000071ff00000, 0x0000000720000000, 0x0000000720000000|100%|HC|  |TAMS 0x000000071ff00000, 0x000000071ff00000| Complete 
| 500|0x0000000720000000, 0x0000000720100000, 0x0000000720100000|100%|HC|  |TAMS 0x0000000720000000, 0x0000000720000000| Complete 
| 501|0x0000000720100000, 0x0000000720200000, 0x0000000720200000|100%|HC|  |TAMS 0x0000000720100000, 0x0000000720100000| Complete 
| 502|0x0000000720200000, 0x0000000720300000, 0x0000000720300000|100%|HC|  |TAMS 0x0000000720200000, 0x0000000720200000| Complete 
| 503|0x0000000720300000, 0x0000000720400000, 0x0000000720400000|100%|HC|  |TAMS 0x0000000720300000, 0x0000000720300000| Complete 
| 504|0x0000000720400000, 0x0000000720500000, 0x0000000720500000|100%|HC|  |TAMS 0x0000000720400000, 0x0000000720400000| Complete 
| 505|0x0000000720500000, 0x0000000720600000, 0x0000000720600000|100%|HC|  |TAMS 0x0000000720500000, 0x0000000720500000| Complete 
| 506|0x0000000720600000, 0x0000000720700000, 0x0000000720700000|100%|HC|  |TAMS 0x0000000720600000, 0x0000000720600000| Complete 
| 507|0x0000000720700000, 0x0000000720800000, 0x0000000720800000|100%|HC|  |TAMS 0x0000000720700000, 0x0000000720700000| Complete 
| 508|0x0000000720800000, 0x0000000720900000, 0x0000000720900000|100%|HC|  |TAMS 0x0000000720800000, 0x0000000720800000| Complete 
| 509|0x0000000720900000, 0x0000000720a00000, 0x0000000720a00000|100%|HC|  |TAMS 0x0000000720900000, 0x0000000720900000| Complete 
| 510|0x0000000720a00000, 0x0000000720b00000, 0x0000000720b00000|100%|HC|  |TAMS 0x0000000720a00000, 0x0000000720a00000| Complete 
| 511|0x0000000720b00000, 0x0000000720c00000, 0x0000000720c00000|100%|HC|  |TAMS 0x0000000720b00000, 0x0000000720b00000| Complete 
| 512|0x0000000720c00000, 0x0000000720d00000, 0x0000000720d00000|100%|HC|  |TAMS 0x0000000720c00000, 0x0000000720c00000| Complete 
| 513|0x0000000720d00000, 0x0000000720e00000, 0x0000000720e00000|100%|HC|  |TAMS 0x0000000720d00000, 0x0000000720d00000| Complete 
| 514|0x0000000720e00000, 0x0000000720f00000, 0x0000000720f00000|100%|HC|  |TAMS 0x0000000720e00000, 0x0000000720e00000| Complete 
| 515|0x0000000720f00000, 0x0000000721000000, 0x0000000721000000|100%|HC|  |TAMS 0x0000000720f00000, 0x0000000720f00000| Complete 
| 516|0x0000000721000000, 0x0000000721100000, 0x0000000721100000|100%|HC|  |TAMS 0x0000000721000000, 0x0000000721000000| Complete 
| 517|0x0000000721100000, 0x0000000721200000, 0x0000000721200000|100%|HC|  |TAMS 0x0000000721100000, 0x0000000721100000| Complete 
| 518|0x0000000721200000, 0x0000000721300000, 0x0000000721300000|100%|HC|  |TAMS 0x0000000721200000, 0x0000000721200000| Complete 
| 519|0x0000000721300000, 0x0000000721400000, 0x0000000721400000|100%|HC|  |TAMS 0x0000000721300000, 0x0000000721300000| Complete 
| 520|0x0000000721400000, 0x0000000721500000, 0x0000000721500000|100%|HC|  |TAMS 0x0000000721400000, 0x0000000721400000| Complete 
| 521|0x0000000721500000, 0x0000000721600000, 0x0000000721600000|100%|HC|  |TAMS 0x0000000721500000, 0x0000000721500000| Complete 
| 522|0x0000000721600000, 0x0000000721700000, 0x0000000721700000|100%|HC|  |TAMS 0x0000000721600000, 0x0000000721600000| Complete 
| 523|0x0000000721700000, 0x0000000721800000, 0x0000000721800000|100%|HC|  |TAMS 0x0000000721700000, 0x0000000721700000| Complete 
| 524|0x0000000721800000, 0x0000000721900000, 0x0000000721900000|100%|HC|  |TAMS 0x0000000721800000, 0x0000000721800000| Complete 
| 525|0x0000000721900000, 0x0000000721a00000, 0x0000000721a00000|100%|HC|  |TAMS 0x0000000721900000, 0x0000000721900000| Complete 
| 526|0x0000000721a00000, 0x0000000721b00000, 0x0000000721b00000|100%|HC|  |TAMS 0x0000000721a00000, 0x0000000721a00000| Complete 
| 527|0x0000000721b00000, 0x0000000721c00000, 0x0000000721c00000|100%|HC|  |TAMS 0x0000000721b00000, 0x0000000721b00000| Complete 
| 528|0x0000000721c00000, 0x0000000721d00000, 0x0000000721d00000|100%|HC|  |TAMS 0x0000000721c00000, 0x0000000721c00000| Complete 
| 529|0x0000000721d00000, 0x0000000721e00000, 0x0000000721e00000|100%|HC|  |TAMS 0x0000000721d00000, 0x0000000721d00000| Complete 
| 530|0x0000000721e00000, 0x0000000721f00000, 0x0000000721f00000|100%|HC|  |TAMS 0x0000000721e00000, 0x0000000721e00000| Complete 
| 531|0x0000000721f00000, 0x0000000722000000, 0x0000000722000000|100%|HC|  |TAMS 0x0000000721f00000, 0x0000000721f00000| Complete 
| 532|0x0000000722000000, 0x0000000722100000, 0x0000000722100000|100%|HC|  |TAMS 0x0000000722000000, 0x0000000722000000| Complete 
| 533|0x0000000722100000, 0x0000000722200000, 0x0000000722200000|100%|HC|  |TAMS 0x0000000722100000, 0x0000000722100000| Complete 
| 534|0x0000000722200000, 0x0000000722300000, 0x0000000722300000|100%|HC|  |TAMS 0x0000000722200000, 0x0000000722200000| Complete 
| 535|0x0000000722300000, 0x0000000722400000, 0x0000000722400000|100%|HC|  |TAMS 0x0000000722300000, 0x0000000722300000| Complete 
| 536|0x0000000722400000, 0x0000000722500000, 0x0000000722500000|100%|HC|  |TAMS 0x0000000722400000, 0x0000000722400000| Complete 
| 537|0x0000000722500000, 0x0000000722600000, 0x0000000722600000|100%|HC|  |TAMS 0x0000000722500000, 0x0000000722500000| Complete 
| 538|0x0000000722600000, 0x0000000722700000, 0x0000000722700000|100%|HC|  |TAMS 0x0000000722600000, 0x0000000722600000| Complete 
| 539|0x0000000722700000, 0x0000000722800000, 0x0000000722800000|100%|HC|  |TAMS 0x0000000722700000, 0x0000000722700000| Complete 
| 540|0x0000000722800000, 0x0000000722900000, 0x0000000722900000|100%|HC|  |TAMS 0x0000000722800000, 0x0000000722800000| Complete 
| 541|0x0000000722900000, 0x0000000722a00000, 0x0000000722a00000|100%|HC|  |TAMS 0x0000000722900000, 0x0000000722900000| Complete 
| 542|0x0000000722a00000, 0x0000000722b00000, 0x0000000722b00000|100%|HC|  |TAMS 0x0000000722a00000, 0x0000000722a00000| Complete 
| 543|0x0000000722b00000, 0x0000000722c00000, 0x0000000722c00000|100%|HC|  |TAMS 0x0000000722b00000, 0x0000000722b00000| Complete 
| 544|0x0000000722c00000, 0x0000000722d00000, 0x0000000722d00000|100%|HC|  |TAMS 0x0000000722c00000, 0x0000000722c00000| Complete 
| 545|0x0000000722d00000, 0x0000000722e00000, 0x0000000722e00000|100%|HC|  |TAMS 0x0000000722d00000, 0x0000000722d00000| Complete 
| 546|0x0000000722e00000, 0x0000000722f00000, 0x0000000722f00000|100%|HC|  |TAMS 0x0000000722e00000, 0x0000000722e00000| Complete 
| 547|0x0000000722f00000, 0x0000000723000000, 0x0000000723000000|100%|HC|  |TAMS 0x0000000722f00000, 0x0000000722f00000| Complete 
| 548|0x0000000723000000, 0x0000000723100000, 0x0000000723100000|100%|HC|  |TAMS 0x0000000723000000, 0x0000000723000000| Complete 
| 549|0x0000000723100000, 0x0000000723200000, 0x0000000723200000|100%|HC|  |TAMS 0x0000000723100000, 0x0000000723100000| Complete 
| 550|0x0000000723200000, 0x0000000723300000, 0x0000000723300000|100%|HC|  |TAMS 0x0000000723200000, 0x0000000723200000| Complete 
| 551|0x0000000723300000, 0x0000000723400000, 0x0000000723400000|100%|HC|  |TAMS 0x0000000723300000, 0x0000000723300000| Complete 
| 552|0x0000000723400000, 0x0000000723500000, 0x0000000723500000|100%|HC|  |TAMS 0x0000000723400000, 0x0000000723400000| Complete 
| 553|0x0000000723500000, 0x0000000723600000, 0x0000000723600000|100%|HC|  |TAMS 0x0000000723500000, 0x0000000723500000| Complete 
| 554|0x0000000723600000, 0x0000000723700000, 0x0000000723700000|100%|HC|  |TAMS 0x0000000723600000, 0x0000000723600000| Complete 
| 555|0x0000000723700000, 0x0000000723800000, 0x0000000723800000|100%|HC|  |TAMS 0x0000000723700000, 0x0000000723700000| Complete 
| 556|0x0000000723800000, 0x0000000723900000, 0x0000000723900000|100%|HC|  |TAMS 0x0000000723800000, 0x0000000723800000| Complete 
| 557|0x0000000723900000, 0x0000000723a00000, 0x0000000723a00000|100%|HC|  |TAMS 0x0000000723900000, 0x0000000723900000| Complete 
| 558|0x0000000723a00000, 0x0000000723b00000, 0x0000000723b00000|100%|HC|  |TAMS 0x0000000723a00000, 0x0000000723a00000| Complete 
| 559|0x0000000723b00000, 0x0000000723c00000, 0x0000000723c00000|100%|HC|  |TAMS 0x0000000723b00000, 0x0000000723b00000| Complete 
| 560|0x0000000723c00000, 0x0000000723d00000, 0x0000000723d00000|100%|HC|  |TAMS 0x0000000723c00000, 0x0000000723c00000| Complete 
| 561|0x0000000723d00000, 0x0000000723e00000, 0x0000000723e00000|100%|HC|  |TAMS 0x0000000723d00000, 0x0000000723d00000| Complete 
| 562|0x0000000723e00000, 0x0000000723f00000, 0x0000000723f00000|100%|HC|  |TAMS 0x0000000723e00000, 0x0000000723e00000| Complete 
| 563|0x0000000723f00000, 0x0000000724000000, 0x0000000724000000|100%|HC|  |TAMS 0x0000000723f00000, 0x0000000723f00000| Complete 
| 564|0x0000000724000000, 0x0000000724100000, 0x0000000724100000|100%|HC|  |TAMS 0x0000000724000000, 0x0000000724000000| Complete 
| 565|0x0000000724100000, 0x0000000724200000, 0x0000000724200000|100%|HC|  |TAMS 0x0000000724100000, 0x0000000724100000| Complete 
| 566|0x0000000724200000, 0x0000000724300000, 0x0000000724300000|100%|HC|  |TAMS 0x0000000724200000, 0x0000000724200000| Complete 
| 567|0x0000000724300000, 0x0000000724400000, 0x0000000724400000|100%|HC|  |TAMS 0x0000000724300000, 0x0000000724300000| Complete 
| 568|0x0000000724400000, 0x0000000724500000, 0x0000000724500000|100%|HC|  |TAMS 0x0000000724400000, 0x0000000724400000| Complete 
| 569|0x0000000724500000, 0x0000000724600000, 0x0000000724600000|100%|HC|  |TAMS 0x0000000724500000, 0x0000000724500000| Complete 
| 570|0x0000000724600000, 0x0000000724700000, 0x0000000724700000|100%|HC|  |TAMS 0x0000000724600000, 0x0000000724600000| Complete 
| 571|0x0000000724700000, 0x0000000724800000, 0x0000000724800000|100%|HC|  |TAMS 0x0000000724700000, 0x0000000724700000| Complete 
| 572|0x0000000724800000, 0x0000000724900000, 0x0000000724900000|100%|HC|  |TAMS 0x0000000724800000, 0x0000000724800000| Complete 
| 573|0x0000000724900000, 0x0000000724a00000, 0x0000000724a00000|100%|HC|  |TAMS 0x0000000724900000, 0x0000000724900000| Complete 
| 574|0x0000000724a00000, 0x0000000724b00000, 0x0000000724b00000|100%|HC|  |TAMS 0x0000000724a00000, 0x0000000724a00000| Complete 
| 575|0x0000000724b00000, 0x0000000724c00000, 0x0000000724c00000|100%|HC|  |TAMS 0x0000000724b00000, 0x0000000724b00000| Complete 
| 576|0x0000000724c00000, 0x0000000724d00000, 0x0000000724d00000|100%|HC|  |TAMS 0x0000000724c00000, 0x0000000724c00000| Complete 
| 577|0x0000000724d00000, 0x0000000724e00000, 0x0000000724e00000|100%|HC|  |TAMS 0x0000000724d00000, 0x0000000724d00000| Complete 
| 578|0x0000000724e00000, 0x0000000724f00000, 0x0000000724f00000|100%|HC|  |TAMS 0x0000000724e00000, 0x0000000724e00000| Complete 
| 579|0x0000000724f00000, 0x0000000725000000, 0x0000000725000000|100%|HC|  |TAMS 0x0000000724f00000, 0x0000000724f00000| Complete 
| 580|0x0000000725000000, 0x0000000725100000, 0x0000000725100000|100%|HC|  |TAMS 0x0000000725000000, 0x0000000725000000| Complete 
| 581|0x0000000725100000, 0x0000000725200000, 0x0000000725200000|100%|HC|  |TAMS 0x0000000725100000, 0x0000000725100000| Complete 
| 582|0x0000000725200000, 0x0000000725300000, 0x0000000725300000|100%|HC|  |TAMS 0x0000000725200000, 0x0000000725200000| Complete 
| 583|0x0000000725300000, 0x0000000725400000, 0x0000000725400000|100%|HC|  |TAMS 0x0000000725300000, 0x0000000725300000| Complete 
| 584|0x0000000725400000, 0x0000000725500000, 0x0000000725500000|100%|HC|  |TAMS 0x0000000725400000, 0x0000000725400000| Complete 
| 585|0x0000000725500000, 0x0000000725600000, 0x0000000725600000|100%|HC|  |TAMS 0x0000000725500000, 0x0000000725500000| Complete 
| 586|0x0000000725600000, 0x0000000725700000, 0x0000000725700000|100%|HC|  |TAMS 0x0000000725600000, 0x0000000725600000| Complete 
| 587|0x0000000725700000, 0x0000000725800000, 0x0000000725800000|100%|HC|  |TAMS 0x0000000725700000, 0x0000000725700000| Complete 
| 588|0x0000000725800000, 0x0000000725900000, 0x0000000725900000|100%|HC|  |TAMS 0x0000000725800000, 0x0000000725800000| Complete 
| 589|0x0000000725900000, 0x0000000725a00000, 0x0000000725a00000|100%|HC|  |TAMS 0x0000000725900000, 0x0000000725900000| Complete 
| 590|0x0000000725a00000, 0x0000000725b00000, 0x0000000725b00000|100%|HC|  |TAMS 0x0000000725a00000, 0x0000000725a00000| Complete 
| 591|0x0000000725b00000, 0x0000000725c00000, 0x0000000725c00000|100%|HC|  |TAMS 0x0000000725b00000, 0x0000000725b00000| Complete 
| 592|0x0000000725c00000, 0x0000000725d00000, 0x0000000725d00000|100%|HC|  |TAMS 0x0000000725c00000, 0x0000000725c00000| Complete 
| 593|0x0000000725d00000, 0x0000000725e00000, 0x0000000725e00000|100%|HC|  |TAMS 0x0000000725d00000, 0x0000000725d00000| Complete 
| 594|0x0000000725e00000, 0x0000000725f00000, 0x0000000725f00000|100%|HC|  |TAMS 0x0000000725e00000, 0x0000000725e00000| Complete 
| 595|0x0000000725f00000, 0x0000000726000000, 0x0000000726000000|100%|HC|  |TAMS 0x0000000725f00000, 0x0000000725f00000| Complete 
| 596|0x0000000726000000, 0x0000000726100000, 0x0000000726100000|100%|HC|  |TAMS 0x0000000726000000, 0x0000000726000000| Complete 
| 597|0x0000000726100000, 0x0000000726200000, 0x0000000726200000|100%|HC|  |TAMS 0x0000000726100000, 0x0000000726100000| Complete 
| 598|0x0000000726200000, 0x0000000726300000, 0x0000000726300000|100%|HC|  |TAMS 0x0000000726200000, 0x0000000726200000| Complete 
| 599|0x0000000726300000, 0x0000000726400000, 0x0000000726400000|100%|HC|  |TAMS 0x0000000726300000, 0x0000000726300000| Complete 
| 600|0x0000000726400000, 0x0000000726500000, 0x0000000726500000|100%|HC|  |TAMS 0x0000000726400000, 0x0000000726400000| Complete 
| 601|0x0000000726500000, 0x0000000726600000, 0x0000000726600000|100%|HC|  |TAMS 0x0000000726500000, 0x0000000726500000| Complete 
| 602|0x0000000726600000, 0x0000000726700000, 0x0000000726700000|100%|HC|  |TAMS 0x0000000726600000, 0x0000000726600000| Complete 
| 603|0x0000000726700000, 0x0000000726800000, 0x0000000726800000|100%|HC|  |TAMS 0x0000000726700000, 0x0000000726700000| Complete 
| 604|0x0000000726800000, 0x0000000726900000, 0x0000000726900000|100%|HC|  |TAMS 0x0000000726800000, 0x0000000726800000| Complete 
| 605|0x0000000726900000, 0x0000000726a00000, 0x0000000726a00000|100%|HC|  |TAMS 0x0000000726900000, 0x0000000726900000| Complete 
| 606|0x0000000726a00000, 0x0000000726b00000, 0x0000000726b00000|100%|HC|  |TAMS 0x0000000726a00000, 0x0000000726a00000| Complete 
| 607|0x0000000726b00000, 0x0000000726c00000, 0x0000000726c00000|100%|HC|  |TAMS 0x0000000726b00000, 0x0000000726b00000| Complete 
| 608|0x0000000726c00000, 0x0000000726d00000, 0x0000000726d00000|100%|HC|  |TAMS 0x0000000726c00000, 0x0000000726c00000| Complete 
| 609|0x0000000726d00000, 0x0000000726e00000, 0x0000000726e00000|100%|HC|  |TAMS 0x0000000726d00000, 0x0000000726d00000| Complete 
| 610|0x0000000726e00000, 0x0000000726f00000, 0x0000000726f00000|100%|HC|  |TAMS 0x0000000726e00000, 0x0000000726e00000| Complete 
| 611|0x0000000726f00000, 0x0000000727000000, 0x0000000727000000|100%|HC|  |TAMS 0x0000000726f00000, 0x0000000726f00000| Complete 
| 612|0x0000000727000000, 0x0000000727100000, 0x0000000727100000|100%|HC|  |TAMS 0x0000000727000000, 0x0000000727000000| Complete 
| 613|0x0000000727100000, 0x0000000727200000, 0x0000000727200000|100%|HC|  |TAMS 0x0000000727100000, 0x0000000727100000| Complete 
| 614|0x0000000727200000, 0x0000000727300000, 0x0000000727300000|100%|HC|  |TAMS 0x0000000727200000, 0x0000000727200000| Complete 
| 615|0x0000000727300000, 0x0000000727400000, 0x0000000727400000|100%|HC|  |TAMS 0x0000000727300000, 0x0000000727300000| Complete 
| 616|0x0000000727400000, 0x0000000727500000, 0x0000000727500000|100%|HC|  |TAMS 0x0000000727400000, 0x0000000727400000| Complete 
| 617|0x0000000727500000, 0x0000000727600000, 0x0000000727600000|100%|HC|  |TAMS 0x0000000727500000, 0x0000000727500000| Complete 
| 618|0x0000000727600000, 0x0000000727700000, 0x0000000727700000|100%|HC|  |TAMS 0x0000000727600000, 0x0000000727600000| Complete 
| 619|0x0000000727700000, 0x0000000727800000, 0x0000000727800000|100%|HC|  |TAMS 0x0000000727700000, 0x0000000727700000| Complete 
| 620|0x0000000727800000, 0x0000000727900000, 0x0000000727900000|100%|HC|  |TAMS 0x0000000727800000, 0x0000000727800000| Complete 
| 621|0x0000000727900000, 0x0000000727a00000, 0x0000000727a00000|100%|HC|  |TAMS 0x0000000727900000, 0x0000000727900000| Complete 
| 622|0x0000000727a00000, 0x0000000727b00000, 0x0000000727b00000|100%|HC|  |TAMS 0x0000000727a00000, 0x0000000727a00000| Complete 
| 623|0x0000000727b00000, 0x0000000727c00000, 0x0000000727c00000|100%|HC|  |TAMS 0x0000000727b00000, 0x0000000727b00000| Complete 
| 624|0x0000000727c00000, 0x0000000727d00000, 0x0000000727d00000|100%|HC|  |TAMS 0x0000000727c00000, 0x0000000727c00000| Complete 
| 625|0x0000000727d00000, 0x0000000727e00000, 0x0000000727e00000|100%|HC|  |TAMS 0x0000000727d00000, 0x0000000727d00000| Complete 
| 626|0x0000000727e00000, 0x0000000727f00000, 0x0000000727f00000|100%|HC|  |TAMS 0x0000000727e00000, 0x0000000727e00000| Complete 
| 627|0x0000000727f00000, 0x0000000728000000, 0x0000000728000000|100%|HC|  |TAMS 0x0000000727f00000, 0x0000000727f00000| Complete 
| 628|0x0000000728000000, 0x0000000728100000, 0x0000000728100000|100%|HC|  |TAMS 0x0000000728000000, 0x0000000728000000| Complete 
| 629|0x0000000728100000, 0x0000000728200000, 0x0000000728200000|100%|HC|  |TAMS 0x0000000728100000, 0x0000000728100000| Complete 
| 630|0x0000000728200000, 0x0000000728300000, 0x0000000728300000|100%|HC|  |TAMS 0x0000000728200000, 0x0000000728200000| Complete 
| 631|0x0000000728300000, 0x0000000728400000, 0x0000000728400000|100%|HC|  |TAMS 0x0000000728300000, 0x0000000728300000| Complete 
| 632|0x0000000728400000, 0x0000000728500000, 0x0000000728500000|100%|HC|  |TAMS 0x0000000728400000, 0x0000000728400000| Complete 
| 633|0x0000000728500000, 0x0000000728600000, 0x0000000728600000|100%|HC|  |TAMS 0x0000000728500000, 0x0000000728500000| Complete 
| 634|0x0000000728600000, 0x0000000728700000, 0x0000000728700000|100%|HC|  |TAMS 0x0000000728600000, 0x0000000728600000| Complete 
| 635|0x0000000728700000, 0x0000000728800000, 0x0000000728800000|100%|HC|  |TAMS 0x0000000728700000, 0x0000000728700000| Complete 
| 636|0x0000000728800000, 0x0000000728900000, 0x0000000728900000|100%|HC|  |TAMS 0x0000000728800000, 0x0000000728800000| Complete 
| 637|0x0000000728900000, 0x0000000728a00000, 0x0000000728a00000|100%|HC|  |TAMS 0x0000000728900000, 0x0000000728900000| Complete 
| 638|0x0000000728a00000, 0x0000000728b00000, 0x0000000728b00000|100%|HC|  |TAMS 0x0000000728a00000, 0x0000000728a00000| Complete 
| 639|0x0000000728b00000, 0x0000000728c00000, 0x0000000728c00000|100%|HC|  |TAMS 0x0000000728b00000, 0x0000000728b00000| Complete 
| 640|0x0000000728c00000, 0x0000000728d00000, 0x0000000728d00000|100%|HC|  |TAMS 0x0000000728c00000, 0x0000000728c00000| Complete 
| 641|0x0000000728d00000, 0x0000000728e00000, 0x0000000728e00000|100%|HC|  |TAMS 0x0000000728d00000, 0x0000000728d00000| Complete 
| 642|0x0000000728e00000, 0x0000000728f00000, 0x0000000728f00000|100%|HC|  |TAMS 0x0000000728e00000, 0x0000000728e00000| Complete 
| 643|0x0000000728f00000, 0x0000000729000000, 0x0000000729000000|100%|HC|  |TAMS 0x0000000728f00000, 0x0000000728f00000| Complete 
| 644|0x0000000729000000, 0x0000000729100000, 0x0000000729100000|100%|HC|  |TAMS 0x0000000729000000, 0x0000000729000000| Complete 
| 645|0x0000000729100000, 0x0000000729200000, 0x0000000729200000|100%|HC|  |TAMS 0x0000000729100000, 0x0000000729100000| Complete 
| 646|0x0000000729200000, 0x0000000729300000, 0x0000000729300000|100%|HC|  |TAMS 0x0000000729200000, 0x0000000729200000| Complete 
| 647|0x0000000729300000, 0x0000000729400000, 0x0000000729400000|100%|HC|  |TAMS 0x0000000729300000, 0x0000000729300000| Complete 
| 648|0x0000000729400000, 0x0000000729500000, 0x0000000729500000|100%|HC|  |TAMS 0x0000000729400000, 0x0000000729400000| Complete 
| 649|0x0000000729500000, 0x0000000729600000, 0x0000000729600000|100%|HC|  |TAMS 0x0000000729500000, 0x0000000729500000| Complete 
| 650|0x0000000729600000, 0x0000000729700000, 0x0000000729700000|100%|HC|  |TAMS 0x0000000729600000, 0x0000000729600000| Complete 
| 651|0x0000000729700000, 0x0000000729800000, 0x0000000729800000|100%|HC|  |TAMS 0x0000000729700000, 0x0000000729700000| Complete 
| 652|0x0000000729800000, 0x0000000729900000, 0x0000000729900000|100%|HC|  |TAMS 0x0000000729800000, 0x0000000729800000| Complete 
| 653|0x0000000729900000, 0x0000000729a00000, 0x0000000729a00000|100%|HC|  |TAMS 0x0000000729900000, 0x0000000729900000| Complete 
| 654|0x0000000729a00000, 0x0000000729b00000, 0x0000000729b00000|100%|HC|  |TAMS 0x0000000729a00000, 0x0000000729a00000| Complete 
| 655|0x0000000729b00000, 0x0000000729c00000, 0x0000000729c00000|100%|HC|  |TAMS 0x0000000729b00000, 0x0000000729b00000| Complete 
| 656|0x0000000729c00000, 0x0000000729d00000, 0x0000000729d00000|100%|HC|  |TAMS 0x0000000729c00000, 0x0000000729c00000| Complete 
| 657|0x0000000729d00000, 0x0000000729e00000, 0x0000000729e00000|100%|HC|  |TAMS 0x0000000729d00000, 0x0000000729d00000| Complete 
| 658|0x0000000729e00000, 0x0000000729f00000, 0x0000000729f00000|100%|HC|  |TAMS 0x0000000729e00000, 0x0000000729e00000| Complete 
| 659|0x0000000729f00000, 0x000000072a000000, 0x000000072a000000|100%|HC|  |TAMS 0x0000000729f00000, 0x0000000729f00000| Complete 
| 660|0x000000072a000000, 0x000000072a100000, 0x000000072a100000|100%|HC|  |TAMS 0x000000072a000000, 0x000000072a000000| Complete 
| 661|0x000000072a100000, 0x000000072a200000, 0x000000072a200000|100%|HC|  |TAMS 0x000000072a100000, 0x000000072a100000| Complete 
| 662|0x000000072a200000, 0x000000072a300000, 0x000000072a300000|100%|HC|  |TAMS 0x000000072a200000, 0x000000072a200000| Complete 
| 663|0x000000072a300000, 0x000000072a400000, 0x000000072a400000|100%|HC|  |TAMS 0x000000072a300000, 0x000000072a300000| Complete 
| 664|0x000000072a400000, 0x000000072a500000, 0x000000072a500000|100%|HC|  |TAMS 0x000000072a400000, 0x000000072a400000| Complete 
| 665|0x000000072a500000, 0x000000072a600000, 0x000000072a600000|100%|HC|  |TAMS 0x000000072a500000, 0x000000072a500000| Complete 
| 666|0x000000072a600000, 0x000000072a700000, 0x000000072a700000|100%|HC|  |TAMS 0x000000072a600000, 0x000000072a600000| Complete 
| 667|0x000000072a700000, 0x000000072a800000, 0x000000072a800000|100%|HC|  |TAMS 0x000000072a700000, 0x000000072a700000| Complete 
| 668|0x000000072a800000, 0x000000072a900000, 0x000000072a900000|100%|HC|  |TAMS 0x000000072a800000, 0x000000072a800000| Complete 
| 669|0x000000072a900000, 0x000000072aa00000, 0x000000072aa00000|100%|HC|  |TAMS 0x000000072a900000, 0x000000072a900000| Complete 
| 670|0x000000072aa00000, 0x000000072ab00000, 0x000000072ab00000|100%|HC|  |TAMS 0x000000072aa00000, 0x000000072aa00000| Complete 
| 671|0x000000072ab00000, 0x000000072ac00000, 0x000000072ac00000|100%|HC|  |TAMS 0x000000072ab00000, 0x000000072ab00000| Complete 
| 672|0x000000072ac00000, 0x000000072ad00000, 0x000000072ad00000|100%|HC|  |TAMS 0x000000072ac00000, 0x000000072ac00000| Complete 
| 673|0x000000072ad00000, 0x000000072ae00000, 0x000000072ae00000|100%|HC|  |TAMS 0x000000072ad00000, 0x000000072ad00000| Complete 
| 674|0x000000072ae00000, 0x000000072af00000, 0x000000072af00000|100%|HC|  |TAMS 0x000000072ae00000, 0x000000072ae00000| Complete 
| 675|0x000000072af00000, 0x000000072b000000, 0x000000072b000000|100%|HC|  |TAMS 0x000000072af00000, 0x000000072af00000| Complete 
| 676|0x000000072b000000, 0x000000072b100000, 0x000000072b100000|100%|HC|  |TAMS 0x000000072b000000, 0x000000072b000000| Complete 
| 677|0x000000072b100000, 0x000000072b200000, 0x000000072b200000|100%|HC|  |TAMS 0x000000072b100000, 0x000000072b100000| Complete 
| 678|0x000000072b200000, 0x000000072b300000, 0x000000072b300000|100%|HC|  |TAMS 0x000000072b200000, 0x000000072b200000| Complete 
| 679|0x000000072b300000, 0x000000072b400000, 0x000000072b400000|100%|HC|  |TAMS 0x000000072b300000, 0x000000072b300000| Complete 
| 680|0x000000072b400000, 0x000000072b500000, 0x000000072b500000|100%|HC|  |TAMS 0x000000072b400000, 0x000000072b400000| Complete 
| 681|0x000000072b500000, 0x000000072b600000, 0x000000072b600000|100%|HC|  |TAMS 0x000000072b500000, 0x000000072b500000| Complete 
| 682|0x000000072b600000, 0x000000072b700000, 0x000000072b700000|100%|HC|  |TAMS 0x000000072b600000, 0x000000072b600000| Complete 
| 683|0x000000072b700000, 0x000000072b800000, 0x000000072b800000|100%|HC|  |TAMS 0x000000072b700000, 0x000000072b700000| Complete 
| 684|0x000000072b800000, 0x000000072b900000, 0x000000072b900000|100%|HC|  |TAMS 0x000000072b800000, 0x000000072b800000| Complete 
| 685|0x000000072b900000, 0x000000072ba00000, 0x000000072ba00000|100%|HC|  |TAMS 0x000000072b900000, 0x000000072b900000| Complete 
| 686|0x000000072ba00000, 0x000000072bb00000, 0x000000072bb00000|100%|HC|  |TAMS 0x000000072ba00000, 0x000000072ba00000| Complete 
| 687|0x000000072bb00000, 0x000000072bc00000, 0x000000072bc00000|100%|HC|  |TAMS 0x000000072bb00000, 0x000000072bb00000| Complete 
| 688|0x000000072bc00000, 0x000000072bd00000, 0x000000072bd00000|100%|HC|  |TAMS 0x000000072bc00000, 0x000000072bc00000| Complete 
| 689|0x000000072bd00000, 0x000000072be00000, 0x000000072be00000|100%|HC|  |TAMS 0x000000072bd00000, 0x000000072bd00000| Complete 
| 690|0x000000072be00000, 0x000000072bf00000, 0x000000072bf00000|100%|HC|  |TAMS 0x000000072be00000, 0x000000072be00000| Complete 
| 691|0x000000072bf00000, 0x000000072c000000, 0x000000072c000000|100%|HC|  |TAMS 0x000000072bf00000, 0x000000072bf00000| Complete 
| 692|0x000000072c000000, 0x000000072c100000, 0x000000072c100000|100%|HC|  |TAMS 0x000000072c000000, 0x000000072c000000| Complete 
| 693|0x000000072c100000, 0x000000072c200000, 0x000000072c200000|100%|HC|  |TAMS 0x000000072c100000, 0x000000072c100000| Complete 
| 694|0x000000072c200000, 0x000000072c300000, 0x000000072c300000|100%|HC|  |TAMS 0x000000072c200000, 0x000000072c200000| Complete 
| 695|0x000000072c300000, 0x000000072c400000, 0x000000072c400000|100%|HC|  |TAMS 0x000000072c300000, 0x000000072c300000| Complete 
| 696|0x000000072c400000, 0x000000072c500000, 0x000000072c500000|100%|HC|  |TAMS 0x000000072c400000, 0x000000072c400000| Complete 
| 697|0x000000072c500000, 0x000000072c600000, 0x000000072c600000|100%|HC|  |TAMS 0x000000072c500000, 0x000000072c500000| Complete 
| 698|0x000000072c600000, 0x000000072c700000, 0x000000072c700000|100%|HC|  |TAMS 0x000000072c600000, 0x000000072c600000| Complete 
| 699|0x000000072c700000, 0x000000072c800000, 0x000000072c800000|100%|HC|  |TAMS 0x000000072c700000, 0x000000072c700000| Complete 
| 700|0x000000072c800000, 0x000000072c900000, 0x000000072c900000|100%|HC|  |TAMS 0x000000072c800000, 0x000000072c800000| Complete 
| 701|0x000000072c900000, 0x000000072ca00000, 0x000000072ca00000|100%|HC|  |TAMS 0x000000072c900000, 0x000000072c900000| Complete 
| 702|0x000000072ca00000, 0x000000072cb00000, 0x000000072cb00000|100%|HC|  |TAMS 0x000000072ca00000, 0x000000072ca00000| Complete 
| 703|0x000000072cb00000, 0x000000072cc00000, 0x000000072cc00000|100%|HC|  |TAMS 0x000000072cb00000, 0x000000072cb00000| Complete 
| 704|0x000000072cc00000, 0x000000072cd00000, 0x000000072cd00000|100%|HC|  |TAMS 0x000000072cc00000, 0x000000072cc00000| Complete 
| 705|0x000000072cd00000, 0x000000072ce00000, 0x000000072ce00000|100%|HC|  |TAMS 0x000000072cd00000, 0x000000072cd00000| Complete 
| 706|0x000000072ce00000, 0x000000072cf00000, 0x000000072cf00000|100%|HC|  |TAMS 0x000000072ce00000, 0x000000072ce00000| Complete 
| 707|0x000000072cf00000, 0x000000072d000000, 0x000000072d000000|100%|HC|  |TAMS 0x000000072cf00000, 0x000000072cf00000| Complete 
| 708|0x000000072d000000, 0x000000072d100000, 0x000000072d100000|100%|HC|  |TAMS 0x000000072d000000, 0x000000072d000000| Complete 
| 709|0x000000072d100000, 0x000000072d200000, 0x000000072d200000|100%|HC|  |TAMS 0x000000072d100000, 0x000000072d100000| Complete 
| 710|0x000000072d200000, 0x000000072d300000, 0x000000072d300000|100%|HC|  |TAMS 0x000000072d200000, 0x000000072d200000| Complete 
| 711|0x000000072d300000, 0x000000072d400000, 0x000000072d400000|100%|HC|  |TAMS 0x000000072d300000, 0x000000072d300000| Complete 
| 712|0x000000072d400000, 0x000000072d500000, 0x000000072d500000|100%|HC|  |TAMS 0x000000072d400000, 0x000000072d400000| Complete 
| 713|0x000000072d500000, 0x000000072d600000, 0x000000072d600000|100%|HC|  |TAMS 0x000000072d500000, 0x000000072d500000| Complete 
| 714|0x000000072d600000, 0x000000072d700000, 0x000000072d700000|100%|HC|  |TAMS 0x000000072d600000, 0x000000072d600000| Complete 
| 715|0x000000072d700000, 0x000000072d800000, 0x000000072d800000|100%|HC|  |TAMS 0x000000072d700000, 0x000000072d700000| Complete 
| 716|0x000000072d800000, 0x000000072d900000, 0x000000072d900000|100%|HC|  |TAMS 0x000000072d800000, 0x000000072d800000| Complete 
| 717|0x000000072d900000, 0x000000072da00000, 0x000000072da00000|100%|HC|  |TAMS 0x000000072d900000, 0x000000072d900000| Complete 
| 718|0x000000072da00000, 0x000000072db00000, 0x000000072db00000|100%|HC|  |TAMS 0x000000072da00000, 0x000000072da00000| Complete 
| 719|0x000000072db00000, 0x000000072dc00000, 0x000000072dc00000|100%|HC|  |TAMS 0x000000072db00000, 0x000000072db00000| Complete 
| 720|0x000000072dc00000, 0x000000072dd00000, 0x000000072dd00000|100%|HC|  |TAMS 0x000000072dc00000, 0x000000072dc00000| Complete 
| 721|0x000000072dd00000, 0x000000072de00000, 0x000000072de00000|100%|HC|  |TAMS 0x000000072dd00000, 0x000000072dd00000| Complete 
| 722|0x000000072de00000, 0x000000072df00000, 0x000000072df00000|100%|HC|  |TAMS 0x000000072de00000, 0x000000072de00000| Complete 
| 723|0x000000072df00000, 0x000000072e000000, 0x000000072e000000|100%|HC|  |TAMS 0x000000072df00000, 0x000000072df00000| Complete 
| 724|0x000000072e000000, 0x000000072e100000, 0x000000072e100000|100%|HC|  |TAMS 0x000000072e000000, 0x000000072e000000| Complete 
| 725|0x000000072e100000, 0x000000072e200000, 0x000000072e200000|100%|HC|  |TAMS 0x000000072e100000, 0x000000072e100000| Complete 
| 726|0x000000072e200000, 0x000000072e300000, 0x000000072e300000|100%|HC|  |TAMS 0x000000072e200000, 0x000000072e200000| Complete 
| 727|0x000000072e300000, 0x000000072e400000, 0x000000072e400000|100%|HC|  |TAMS 0x000000072e300000, 0x000000072e300000| Complete 
| 728|0x000000072e400000, 0x000000072e500000, 0x000000072e500000|100%|HC|  |TAMS 0x000000072e400000, 0x000000072e400000| Complete 
| 729|0x000000072e500000, 0x000000072e600000, 0x000000072e600000|100%|HC|  |TAMS 0x000000072e500000, 0x000000072e500000| Complete 
| 730|0x000000072e600000, 0x000000072e700000, 0x000000072e700000|100%|HC|  |TAMS 0x000000072e600000, 0x000000072e600000| Complete 
| 731|0x000000072e700000, 0x000000072e800000, 0x000000072e800000|100%|HC|  |TAMS 0x000000072e700000, 0x000000072e700000| Complete 
| 732|0x000000072e800000, 0x000000072e900000, 0x000000072e900000|100%|HC|  |TAMS 0x000000072e800000, 0x000000072e800000| Complete 
| 733|0x000000072e900000, 0x000000072ea00000, 0x000000072ea00000|100%|HC|  |TAMS 0x000000072e900000, 0x000000072e900000| Complete 
| 734|0x000000072ea00000, 0x000000072eb00000, 0x000000072eb00000|100%|HC|  |TAMS 0x000000072ea00000, 0x000000072ea00000| Complete 
| 735|0x000000072eb00000, 0x000000072ec00000, 0x000000072ec00000|100%|HC|  |TAMS 0x000000072eb00000, 0x000000072eb00000| Complete 
| 736|0x000000072ec00000, 0x000000072ed00000, 0x000000072ed00000|100%|HC|  |TAMS 0x000000072ec00000, 0x000000072ec00000| Complete 
| 737|0x000000072ed00000, 0x000000072ee00000, 0x000000072ee00000|100%|HC|  |TAMS 0x000000072ed00000, 0x000000072ed00000| Complete 
| 738|0x000000072ee00000, 0x000000072ef00000, 0x000000072ef00000|100%|HC|  |TAMS 0x000000072ee00000, 0x000000072ee00000| Complete 
| 739|0x000000072ef00000, 0x000000072f000000, 0x000000072f000000|100%|HC|  |TAMS 0x000000072ef00000, 0x000000072ef00000| Complete 
| 740|0x000000072f000000, 0x000000072f100000, 0x000000072f100000|100%|HC|  |TAMS 0x000000072f000000, 0x000000072f000000| Complete 
| 741|0x000000072f100000, 0x000000072f200000, 0x000000072f200000|100%|HC|  |TAMS 0x000000072f100000, 0x000000072f100000| Complete 
| 742|0x000000072f200000, 0x000000072f300000, 0x000000072f300000|100%|HC|  |TAMS 0x000000072f200000, 0x000000072f200000| Complete 
| 743|0x000000072f300000, 0x000000072f400000, 0x000000072f400000|100%|HC|  |TAMS 0x000000072f300000, 0x000000072f300000| Complete 
| 744|0x000000072f400000, 0x000000072f500000, 0x000000072f500000|100%|HC|  |TAMS 0x000000072f400000, 0x000000072f400000| Complete 
| 745|0x000000072f500000, 0x000000072f600000, 0x000000072f600000|100%|HC|  |TAMS 0x000000072f500000, 0x000000072f500000| Complete 
| 746|0x000000072f600000, 0x000000072f700000, 0x000000072f700000|100%|HC|  |TAMS 0x000000072f600000, 0x000000072f600000| Complete 
| 747|0x000000072f700000, 0x000000072f800000, 0x000000072f800000|100%|HC|  |TAMS 0x000000072f700000, 0x000000072f700000| Complete 
| 748|0x000000072f800000, 0x000000072f900000, 0x000000072f900000|100%|HC|  |TAMS 0x000000072f800000, 0x000000072f800000| Complete 
| 749|0x000000072f900000, 0x000000072fa00000, 0x000000072fa00000|100%|HC|  |TAMS 0x000000072f900000, 0x000000072f900000| Complete 
| 750|0x000000072fa00000, 0x000000072fb00000, 0x000000072fb00000|100%|HC|  |TAMS 0x000000072fa00000, 0x000000072fa00000| Complete 
| 751|0x000000072fb00000, 0x000000072fc00000, 0x000000072fc00000|100%|HC|  |TAMS 0x000000072fb00000, 0x000000072fb00000| Complete 
| 752|0x000000072fc00000, 0x000000072fd00000, 0x000000072fd00000|100%|HC|  |TAMS 0x000000072fc00000, 0x000000072fc00000| Complete 
| 753|0x000000072fd00000, 0x000000072fe00000, 0x000000072fe00000|100%|HC|  |TAMS 0x000000072fd00000, 0x000000072fd00000| Complete 
| 754|0x000000072fe00000, 0x000000072ff00000, 0x000000072ff00000|100%|HC|  |TAMS 0x000000072fe00000, 0x000000072fe00000| Complete 
| 755|0x000000072ff00000, 0x0000000730000000, 0x0000000730000000|100%|HC|  |TAMS 0x000000072ff00000, 0x000000072ff00000| Complete 
| 756|0x0000000730000000, 0x0000000730100000, 0x0000000730100000|100%|HC|  |TAMS 0x0000000730000000, 0x0000000730000000| Complete 
| 757|0x0000000730100000, 0x0000000730200000, 0x0000000730200000|100%|HC|  |TAMS 0x0000000730100000, 0x0000000730100000| Complete 
| 758|0x0000000730200000, 0x0000000730300000, 0x0000000730300000|100%|HC|  |TAMS 0x0000000730200000, 0x0000000730200000| Complete 
| 759|0x0000000730300000, 0x0000000730400000, 0x0000000730400000|100%|HC|  |TAMS 0x0000000730300000, 0x0000000730300000| Complete 
| 760|0x0000000730400000, 0x0000000730500000, 0x0000000730500000|100%|HC|  |TAMS 0x0000000730400000, 0x0000000730400000| Complete 
| 761|0x0000000730500000, 0x0000000730600000, 0x0000000730600000|100%|HC|  |TAMS 0x0000000730500000, 0x0000000730500000| Complete 
| 762|0x0000000730600000, 0x0000000730700000, 0x0000000730700000|100%|HC|  |TAMS 0x0000000730600000, 0x0000000730600000| Complete 
| 763|0x0000000730700000, 0x0000000730800000, 0x0000000730800000|100%|HC|  |TAMS 0x0000000730700000, 0x0000000730700000| Complete 
| 764|0x0000000730800000, 0x0000000730900000, 0x0000000730900000|100%|HC|  |TAMS 0x0000000730800000, 0x0000000730800000| Complete 
| 765|0x0000000730900000, 0x0000000730a00000, 0x0000000730a00000|100%|HC|  |TAMS 0x0000000730900000, 0x0000000730900000| Complete 
| 766|0x0000000730a00000, 0x0000000730b00000, 0x0000000730b00000|100%|HC|  |TAMS 0x0000000730a00000, 0x0000000730a00000| Complete 
| 767|0x0000000730b00000, 0x0000000730c00000, 0x0000000730c00000|100%|HC|  |TAMS 0x0000000730b00000, 0x0000000730b00000| Complete 
| 768|0x0000000730c00000, 0x0000000730d00000, 0x0000000730d00000|100%|HC|  |TAMS 0x0000000730c00000, 0x0000000730c00000| Complete 
| 769|0x0000000730d00000, 0x0000000730e00000, 0x0000000730e00000|100%|HC|  |TAMS 0x0000000730d00000, 0x0000000730d00000| Complete 
| 770|0x0000000730e00000, 0x0000000730f00000, 0x0000000730f00000|100%|HC|  |TAMS 0x0000000730e00000, 0x0000000730e00000| Complete 
| 771|0x0000000730f00000, 0x0000000731000000, 0x0000000731000000|100%|HC|  |TAMS 0x0000000730f00000, 0x0000000730f00000| Complete 
| 772|0x0000000731000000, 0x0000000731100000, 0x0000000731100000|100%|HC|  |TAMS 0x0000000731000000, 0x0000000731000000| Complete 
| 773|0x0000000731100000, 0x0000000731200000, 0x0000000731200000|100%|HC|  |TAMS 0x0000000731100000, 0x0000000731100000| Complete 
| 774|0x0000000731200000, 0x0000000731300000, 0x0000000731300000|100%|HC|  |TAMS 0x0000000731200000, 0x0000000731200000| Complete 
| 775|0x0000000731300000, 0x0000000731400000, 0x0000000731400000|100%|HC|  |TAMS 0x0000000731300000, 0x0000000731300000| Complete 
| 776|0x0000000731400000, 0x0000000731500000, 0x0000000731500000|100%|HC|  |TAMS 0x0000000731400000, 0x0000000731400000| Complete 
| 777|0x0000000731500000, 0x0000000731600000, 0x0000000731600000|100%|HC|  |TAMS 0x0000000731500000, 0x0000000731500000| Complete 
| 778|0x0000000731600000, 0x0000000731700000, 0x0000000731700000|100%|HC|  |TAMS 0x0000000731600000, 0x0000000731600000| Complete 
| 779|0x0000000731700000, 0x0000000731800000, 0x0000000731800000|100%|HC|  |TAMS 0x0000000731700000, 0x0000000731700000| Complete 
| 780|0x0000000731800000, 0x0000000731900000, 0x0000000731900000|100%|HC|  |TAMS 0x0000000731800000, 0x0000000731800000| Complete 
| 781|0x0000000731900000, 0x0000000731a00000, 0x0000000731a00000|100%|HC|  |TAMS 0x0000000731900000, 0x0000000731900000| Complete 
| 782|0x0000000731a00000, 0x0000000731b00000, 0x0000000731b00000|100%|HC|  |TAMS 0x0000000731a00000, 0x0000000731a00000| Complete 
| 783|0x0000000731b00000, 0x0000000731c00000, 0x0000000731c00000|100%|HC|  |TAMS 0x0000000731b00000, 0x0000000731b00000| Complete 
| 784|0x0000000731c00000, 0x0000000731d00000, 0x0000000731d00000|100%|HC|  |TAMS 0x0000000731c00000, 0x0000000731c00000| Complete 
| 785|0x0000000731d00000, 0x0000000731e00000, 0x0000000731e00000|100%|HC|  |TAMS 0x0000000731d00000, 0x0000000731d00000| Complete 
| 786|0x0000000731e00000, 0x0000000731f00000, 0x0000000731f00000|100%|HC|  |TAMS 0x0000000731e00000, 0x0000000731e00000| Complete 
| 787|0x0000000731f00000, 0x0000000732000000, 0x0000000732000000|100%|HC|  |TAMS 0x0000000731f00000, 0x0000000731f00000| Complete 
| 788|0x0000000732000000, 0x0000000732100000, 0x0000000732100000|100%|HC|  |TAMS 0x0000000732000000, 0x0000000732000000| Complete 
| 789|0x0000000732100000, 0x0000000732200000, 0x0000000732200000|100%|HC|  |TAMS 0x0000000732100000, 0x0000000732100000| Complete 
| 790|0x0000000732200000, 0x0000000732300000, 0x0000000732300000|100%|HC|  |TAMS 0x0000000732200000, 0x0000000732200000| Complete 
| 791|0x0000000732300000, 0x0000000732400000, 0x0000000732400000|100%|HC|  |TAMS 0x0000000732300000, 0x0000000732300000| Complete 
| 792|0x0000000732400000, 0x0000000732500000, 0x0000000732500000|100%|HC|  |TAMS 0x0000000732400000, 0x0000000732400000| Complete 
| 793|0x0000000732500000, 0x0000000732600000, 0x0000000732600000|100%|HC|  |TAMS 0x0000000732500000, 0x0000000732500000| Complete 
| 794|0x0000000732600000, 0x0000000732700000, 0x0000000732700000|100%|HC|  |TAMS 0x0000000732600000, 0x0000000732600000| Complete 
| 795|0x0000000732700000, 0x0000000732800000, 0x0000000732800000|100%|HC|  |TAMS 0x0000000732700000, 0x0000000732700000| Complete 
| 796|0x0000000732800000, 0x0000000732900000, 0x0000000732900000|100%|HC|  |TAMS 0x0000000732800000, 0x0000000732800000| Complete 
| 797|0x0000000732900000, 0x0000000732a00000, 0x0000000732a00000|100%|HC|  |TAMS 0x0000000732900000, 0x0000000732900000| Complete 
| 798|0x0000000732a00000, 0x0000000732b00000, 0x0000000732b00000|100%|HC|  |TAMS 0x0000000732a00000, 0x0000000732a00000| Complete 
| 799|0x0000000732b00000, 0x0000000732c00000, 0x0000000732c00000|100%|HC|  |TAMS 0x0000000732b00000, 0x0000000732b00000| Complete 
| 800|0x0000000732c00000, 0x0000000732d00000, 0x0000000732d00000|100%|HC|  |TAMS 0x0000000732c00000, 0x0000000732c00000| Complete 
| 801|0x0000000732d00000, 0x0000000732e00000, 0x0000000732e00000|100%|HC|  |TAMS 0x0000000732d00000, 0x0000000732d00000| Complete 
| 802|0x0000000732e00000, 0x0000000732f00000, 0x0000000732f00000|100%|HC|  |TAMS 0x0000000732e00000, 0x0000000732e00000| Complete 
| 803|0x0000000732f00000, 0x0000000733000000, 0x0000000733000000|100%|HC|  |TAMS 0x0000000732f00000, 0x0000000732f00000| Complete 
| 804|0x0000000733000000, 0x0000000733100000, 0x0000000733100000|100%|HC|  |TAMS 0x0000000733000000, 0x0000000733000000| Complete 
| 805|0x0000000733100000, 0x0000000733200000, 0x0000000733200000|100%|HC|  |TAMS 0x0000000733100000, 0x0000000733100000| Complete 
| 806|0x0000000733200000, 0x0000000733300000, 0x0000000733300000|100%|HC|  |TAMS 0x0000000733200000, 0x0000000733200000| Complete 
| 807|0x0000000733300000, 0x0000000733400000, 0x0000000733400000|100%|HC|  |TAMS 0x0000000733300000, 0x0000000733300000| Complete 
| 808|0x0000000733400000, 0x0000000733500000, 0x0000000733500000|100%|HC|  |TAMS 0x0000000733400000, 0x0000000733400000| Complete 
| 809|0x0000000733500000, 0x0000000733600000, 0x0000000733600000|100%|HC|  |TAMS 0x0000000733500000, 0x0000000733500000| Complete 
| 810|0x0000000733600000, 0x0000000733700000, 0x0000000733700000|100%|HC|  |TAMS 0x0000000733600000, 0x0000000733600000| Complete 
| 811|0x0000000733700000, 0x0000000733800000, 0x0000000733800000|100%|HC|  |TAMS 0x0000000733700000, 0x0000000733700000| Complete 
| 812|0x0000000733800000, 0x0000000733900000, 0x0000000733900000|100%|HC|  |TAMS 0x0000000733800000, 0x0000000733800000| Complete 
| 813|0x0000000733900000, 0x0000000733a00000, 0x0000000733a00000|100%|HC|  |TAMS 0x0000000733900000, 0x0000000733900000| Complete 
| 814|0x0000000733a00000, 0x0000000733b00000, 0x0000000733b00000|100%|HC|  |TAMS 0x0000000733a00000, 0x0000000733a00000| Complete 
| 815|0x0000000733b00000, 0x0000000733c00000, 0x0000000733c00000|100%|HC|  |TAMS 0x0000000733b00000, 0x0000000733b00000| Complete 
| 816|0x0000000733c00000, 0x0000000733d00000, 0x0000000733d00000|100%|HC|  |TAMS 0x0000000733c00000, 0x0000000733c00000| Complete 
| 817|0x0000000733d00000, 0x0000000733e00000, 0x0000000733e00000|100%|HC|  |TAMS 0x0000000733d00000, 0x0000000733d00000| Complete 
| 818|0x0000000733e00000, 0x0000000733f00000, 0x0000000733f00000|100%|HC|  |TAMS 0x0000000733e00000, 0x0000000733e00000| Complete 
| 819|0x0000000733f00000, 0x0000000734000000, 0x0000000734000000|100%|HC|  |TAMS 0x0000000733f00000, 0x0000000733f00000| Complete 
| 820|0x0000000734000000, 0x0000000734100000, 0x0000000734100000|100%|HC|  |TAMS 0x0000000734000000, 0x0000000734000000| Complete 
| 821|0x0000000734100000, 0x0000000734200000, 0x0000000734200000|100%|HC|  |TAMS 0x0000000734100000, 0x0000000734100000| Complete 
| 822|0x0000000734200000, 0x0000000734300000, 0x0000000734300000|100%|HC|  |TAMS 0x0000000734200000, 0x0000000734200000| Complete 
| 823|0x0000000734300000, 0x0000000734400000, 0x0000000734400000|100%|HC|  |TAMS 0x0000000734300000, 0x0000000734300000| Complete 
| 824|0x0000000734400000, 0x0000000734500000, 0x0000000734500000|100%|HC|  |TAMS 0x0000000734400000, 0x0000000734400000| Complete 
| 825|0x0000000734500000, 0x0000000734600000, 0x0000000734600000|100%|HC|  |TAMS 0x0000000734500000, 0x0000000734500000| Complete 
| 826|0x0000000734600000, 0x0000000734700000, 0x0000000734700000|100%|HC|  |TAMS 0x0000000734600000, 0x0000000734600000| Complete 
| 827|0x0000000734700000, 0x0000000734800000, 0x0000000734800000|100%|HC|  |TAMS 0x0000000734700000, 0x0000000734700000| Complete 
| 828|0x0000000734800000, 0x0000000734900000, 0x0000000734900000|100%|HC|  |TAMS 0x0000000734800000, 0x0000000734800000| Complete 
| 829|0x0000000734900000, 0x0000000734a00000, 0x0000000734a00000|100%|HC|  |TAMS 0x0000000734900000, 0x0000000734900000| Complete 
| 830|0x0000000734a00000, 0x0000000734b00000, 0x0000000734b00000|100%|HC|  |TAMS 0x0000000734a00000, 0x0000000734a00000| Complete 
| 831|0x0000000734b00000, 0x0000000734c00000, 0x0000000734c00000|100%|HC|  |TAMS 0x0000000734b00000, 0x0000000734b00000| Complete 
| 832|0x0000000734c00000, 0x0000000734d00000, 0x0000000734d00000|100%|HC|  |TAMS 0x0000000734c00000, 0x0000000734c00000| Complete 
| 833|0x0000000734d00000, 0x0000000734e00000, 0x0000000734e00000|100%|HC|  |TAMS 0x0000000734d00000, 0x0000000734d00000| Complete 
| 834|0x0000000734e00000, 0x0000000734f00000, 0x0000000734f00000|100%|HC|  |TAMS 0x0000000734e00000, 0x0000000734e00000| Complete 
| 835|0x0000000734f00000, 0x0000000735000000, 0x0000000735000000|100%|HC|  |TAMS 0x0000000734f00000, 0x0000000734f00000| Complete 
| 836|0x0000000735000000, 0x0000000735100000, 0x0000000735100000|100%|HC|  |TAMS 0x0000000735000000, 0x0000000735000000| Complete 
| 837|0x0000000735100000, 0x0000000735200000, 0x0000000735200000|100%|HC|  |TAMS 0x0000000735100000, 0x0000000735100000| Complete 
| 838|0x0000000735200000, 0x0000000735300000, 0x0000000735300000|100%|HC|  |TAMS 0x0000000735200000, 0x0000000735200000| Complete 
| 839|0x0000000735300000, 0x0000000735400000, 0x0000000735400000|100%|HC|  |TAMS 0x0000000735300000, 0x0000000735300000| Complete 
| 840|0x0000000735400000, 0x0000000735500000, 0x0000000735500000|100%|HC|  |TAMS 0x0000000735400000, 0x0000000735400000| Complete 
| 841|0x0000000735500000, 0x0000000735600000, 0x0000000735600000|100%|HC|  |TAMS 0x0000000735500000, 0x0000000735500000| Complete 
| 842|0x0000000735600000, 0x0000000735700000, 0x0000000735700000|100%|HC|  |TAMS 0x0000000735600000, 0x0000000735600000| Complete 
| 843|0x0000000735700000, 0x0000000735800000, 0x0000000735800000|100%|HC|  |TAMS 0x0000000735700000, 0x0000000735700000| Complete 
| 844|0x0000000735800000, 0x0000000735900000, 0x0000000735900000|100%|HC|  |TAMS 0x0000000735800000, 0x0000000735800000| Complete 
| 845|0x0000000735900000, 0x0000000735a00000, 0x0000000735a00000|100%|HC|  |TAMS 0x0000000735900000, 0x0000000735900000| Complete 
| 846|0x0000000735a00000, 0x0000000735b00000, 0x0000000735b00000|100%|HC|  |TAMS 0x0000000735a00000, 0x0000000735a00000| Complete 
| 847|0x0000000735b00000, 0x0000000735c00000, 0x0000000735c00000|100%|HC|  |TAMS 0x0000000735b00000, 0x0000000735b00000| Complete 
| 848|0x0000000735c00000, 0x0000000735d00000, 0x0000000735d00000|100%|HC|  |TAMS 0x0000000735c00000, 0x0000000735c00000| Complete 
| 849|0x0000000735d00000, 0x0000000735e00000, 0x0000000735e00000|100%|HC|  |TAMS 0x0000000735d00000, 0x0000000735d00000| Complete 
| 850|0x0000000735e00000, 0x0000000735f00000, 0x0000000735f00000|100%|HC|  |TAMS 0x0000000735e00000, 0x0000000735e00000| Complete 
| 851|0x0000000735f00000, 0x0000000736000000, 0x0000000736000000|100%|HC|  |TAMS 0x0000000735f00000, 0x0000000735f00000| Complete 
| 852|0x0000000736000000, 0x0000000736100000, 0x0000000736100000|100%|HC|  |TAMS 0x0000000736000000, 0x0000000736000000| Complete 
| 853|0x0000000736100000, 0x0000000736200000, 0x0000000736200000|100%|HC|  |TAMS 0x0000000736100000, 0x0000000736100000| Complete 
| 854|0x0000000736200000, 0x0000000736300000, 0x0000000736300000|100%|HC|  |TAMS 0x0000000736200000, 0x0000000736200000| Complete 
| 855|0x0000000736300000, 0x0000000736400000, 0x0000000736400000|100%|HC|  |TAMS 0x0000000736300000, 0x0000000736300000| Complete 
| 856|0x0000000736400000, 0x0000000736500000, 0x0000000736500000|100%|HC|  |TAMS 0x0000000736400000, 0x0000000736400000| Complete 
| 857|0x0000000736500000, 0x0000000736600000, 0x0000000736600000|100%|HC|  |TAMS 0x0000000736500000, 0x0000000736500000| Complete 
| 858|0x0000000736600000, 0x0000000736700000, 0x0000000736700000|100%|HC|  |TAMS 0x0000000736600000, 0x0000000736600000| Complete 
| 859|0x0000000736700000, 0x0000000736800000, 0x0000000736800000|100%|HC|  |TAMS 0x0000000736700000, 0x0000000736700000| Complete 
| 860|0x0000000736800000, 0x0000000736900000, 0x0000000736900000|100%|HC|  |TAMS 0x0000000736800000, 0x0000000736800000| Complete 
| 861|0x0000000736900000, 0x0000000736a00000, 0x0000000736a00000|100%|HC|  |TAMS 0x0000000736900000, 0x0000000736900000| Complete 
| 862|0x0000000736a00000, 0x0000000736b00000, 0x0000000736b00000|100%|HC|  |TAMS 0x0000000736a00000, 0x0000000736a00000| Complete 
| 863|0x0000000736b00000, 0x0000000736c00000, 0x0000000736c00000|100%|HC|  |TAMS 0x0000000736b00000, 0x0000000736b00000| Complete 
| 864|0x0000000736c00000, 0x0000000736d00000, 0x0000000736d00000|100%|HC|  |TAMS 0x0000000736c00000, 0x0000000736c00000| Complete 
| 865|0x0000000736d00000, 0x0000000736e00000, 0x0000000736e00000|100%|HC|  |TAMS 0x0000000736d00000, 0x0000000736d00000| Complete 
| 866|0x0000000736e00000, 0x0000000736f00000, 0x0000000736f00000|100%|HC|  |TAMS 0x0000000736e00000, 0x0000000736e00000| Complete 
| 867|0x0000000736f00000, 0x0000000737000000, 0x0000000737000000|100%|HC|  |TAMS 0x0000000736f00000, 0x0000000736f00000| Complete 
| 868|0x0000000737000000, 0x0000000737100000, 0x0000000737100000|100%|HC|  |TAMS 0x0000000737000000, 0x0000000737000000| Complete 
| 869|0x0000000737100000, 0x0000000737200000, 0x0000000737200000|100%|HC|  |TAMS 0x0000000737100000, 0x0000000737100000| Complete 
| 870|0x0000000737200000, 0x0000000737300000, 0x0000000737300000|100%|HC|  |TAMS 0x0000000737200000, 0x0000000737200000| Complete 
| 871|0x0000000737300000, 0x0000000737400000, 0x0000000737400000|100%|HC|  |TAMS 0x0000000737300000, 0x0000000737300000| Complete 
| 872|0x0000000737400000, 0x0000000737500000, 0x0000000737500000|100%|HC|  |TAMS 0x0000000737400000, 0x0000000737400000| Complete 
| 873|0x0000000737500000, 0x0000000737600000, 0x0000000737600000|100%|HC|  |TAMS 0x0000000737500000, 0x0000000737500000| Complete 
| 874|0x0000000737600000, 0x0000000737700000, 0x0000000737700000|100%|HC|  |TAMS 0x0000000737600000, 0x0000000737600000| Complete 
| 875|0x0000000737700000, 0x0000000737800000, 0x0000000737800000|100%|HC|  |TAMS 0x0000000737700000, 0x0000000737700000| Complete 
| 876|0x0000000737800000, 0x0000000737900000, 0x0000000737900000|100%|HC|  |TAMS 0x0000000737800000, 0x0000000737800000| Complete 
| 877|0x0000000737900000, 0x0000000737a00000, 0x0000000737a00000|100%|HC|  |TAMS 0x0000000737900000, 0x0000000737900000| Complete 
| 878|0x0000000737a00000, 0x0000000737b00000, 0x0000000737b00000|100%|HC|  |TAMS 0x0000000737a00000, 0x0000000737a00000| Complete 
| 879|0x0000000737b00000, 0x0000000737c00000, 0x0000000737c00000|100%|HC|  |TAMS 0x0000000737b00000, 0x0000000737b00000| Complete 
| 880|0x0000000737c00000, 0x0000000737d00000, 0x0000000737d00000|100%|HC|  |TAMS 0x0000000737c00000, 0x0000000737c00000| Complete 
| 881|0x0000000737d00000, 0x0000000737e00000, 0x0000000737e00000|100%|HC|  |TAMS 0x0000000737d00000, 0x0000000737d00000| Complete 
| 882|0x0000000737e00000, 0x0000000737f00000, 0x0000000737f00000|100%|HC|  |TAMS 0x0000000737e00000, 0x0000000737e00000| Complete 
| 883|0x0000000737f00000, 0x0000000738000000, 0x0000000738000000|100%|HC|  |TAMS 0x0000000737f00000, 0x0000000737f00000| Complete 
| 884|0x0000000738000000, 0x0000000738100000, 0x0000000738100000|100%|HC|  |TAMS 0x0000000738000000, 0x0000000738000000| Complete 
| 885|0x0000000738100000, 0x0000000738200000, 0x0000000738200000|100%|HC|  |TAMS 0x0000000738100000, 0x0000000738100000| Complete 
| 886|0x0000000738200000, 0x0000000738300000, 0x0000000738300000|100%|HC|  |TAMS 0x0000000738200000, 0x0000000738200000| Complete 
| 887|0x0000000738300000, 0x0000000738400000, 0x0000000738400000|100%|HC|  |TAMS 0x0000000738300000, 0x0000000738300000| Complete 
| 888|0x0000000738400000, 0x0000000738500000, 0x0000000738500000|100%|HC|  |TAMS 0x0000000738400000, 0x0000000738400000| Complete 
| 889|0x0000000738500000, 0x0000000738600000, 0x0000000738600000|100%|HC|  |TAMS 0x0000000738500000, 0x0000000738500000| Complete 
| 890|0x0000000738600000, 0x0000000738700000, 0x0000000738700000|100%|HC|  |TAMS 0x0000000738600000, 0x0000000738600000| Complete 
| 891|0x0000000738700000, 0x0000000738800000, 0x0000000738800000|100%|HC|  |TAMS 0x0000000738700000, 0x0000000738700000| Complete 
| 892|0x0000000738800000, 0x0000000738900000, 0x0000000738900000|100%|HC|  |TAMS 0x0000000738800000, 0x0000000738800000| Complete 
| 893|0x0000000738900000, 0x0000000738a00000, 0x0000000738a00000|100%|HC|  |TAMS 0x0000000738900000, 0x0000000738900000| Complete 
| 894|0x0000000738a00000, 0x0000000738b00000, 0x0000000738b00000|100%|HC|  |TAMS 0x0000000738a00000, 0x0000000738a00000| Complete 
| 895|0x0000000738b00000, 0x0000000738c00000, 0x0000000738c00000|100%|HC|  |TAMS 0x0000000738b00000, 0x0000000738b00000| Complete 
| 896|0x0000000738c00000, 0x0000000738d00000, 0x0000000738d00000|100%|HC|  |TAMS 0x0000000738c00000, 0x0000000738c00000| Complete 
| 897|0x0000000738d00000, 0x0000000738e00000, 0x0000000738e00000|100%|HC|  |TAMS 0x0000000738d00000, 0x0000000738d00000| Complete 
| 898|0x0000000738e00000, 0x0000000738f00000, 0x0000000738f00000|100%|HC|  |TAMS 0x0000000738e00000, 0x0000000738e00000| Complete 
| 899|0x0000000738f00000, 0x0000000739000000, 0x0000000739000000|100%|HC|  |TAMS 0x0000000738f00000, 0x0000000738f00000| Complete 
| 900|0x0000000739000000, 0x0000000739100000, 0x0000000739100000|100%|HC|  |TAMS 0x0000000739000000, 0x0000000739000000| Complete 
| 901|0x0000000739100000, 0x0000000739200000, 0x0000000739200000|100%|HC|  |TAMS 0x0000000739100000, 0x0000000739100000| Complete 
| 902|0x0000000739200000, 0x0000000739300000, 0x0000000739300000|100%|HC|  |TAMS 0x0000000739200000, 0x0000000739200000| Complete 
| 903|0x0000000739300000, 0x0000000739400000, 0x0000000739400000|100%|HC|  |TAMS 0x0000000739300000, 0x0000000739300000| Complete 
| 904|0x0000000739400000, 0x0000000739500000, 0x0000000739500000|100%|HC|  |TAMS 0x0000000739400000, 0x0000000739400000| Complete 
| 905|0x0000000739500000, 0x0000000739600000, 0x0000000739600000|100%|HC|  |TAMS 0x0000000739500000, 0x0000000739500000| Complete 
| 906|0x0000000739600000, 0x0000000739700000, 0x0000000739700000|100%|HC|  |TAMS 0x0000000739600000, 0x0000000739600000| Complete 
| 907|0x0000000739700000, 0x0000000739800000, 0x0000000739800000|100%|HC|  |TAMS 0x0000000739700000, 0x0000000739700000| Complete 
| 908|0x0000000739800000, 0x0000000739900000, 0x0000000739900000|100%|HC|  |TAMS 0x0000000739800000, 0x0000000739800000| Complete 
| 909|0x0000000739900000, 0x0000000739a00000, 0x0000000739a00000|100%|HC|  |TAMS 0x0000000739900000, 0x0000000739900000| Complete 
| 910|0x0000000739a00000, 0x0000000739b00000, 0x0000000739b00000|100%|HC|  |TAMS 0x0000000739a00000, 0x0000000739a00000| Complete 
| 911|0x0000000739b00000, 0x0000000739c00000, 0x0000000739c00000|100%|HC|  |TAMS 0x0000000739b00000, 0x0000000739b00000| Complete 
| 912|0x0000000739c00000, 0x0000000739d00000, 0x0000000739d00000|100%|HC|  |TAMS 0x0000000739c00000, 0x0000000739c00000| Complete 
| 913|0x0000000739d00000, 0x0000000739e00000, 0x0000000739e00000|100%|HC|  |TAMS 0x0000000739d00000, 0x0000000739d00000| Complete 
| 914|0x0000000739e00000, 0x0000000739f00000, 0x0000000739f00000|100%|HC|  |TAMS 0x0000000739e00000, 0x0000000739e00000| Complete 
| 915|0x0000000739f00000, 0x000000073a000000, 0x000000073a000000|100%|HC|  |TAMS 0x0000000739f00000, 0x0000000739f00000| Complete 
| 916|0x000000073a000000, 0x000000073a100000, 0x000000073a100000|100%|HC|  |TAMS 0x000000073a000000, 0x000000073a000000| Complete 
| 917|0x000000073a100000, 0x000000073a200000, 0x000000073a200000|100%|HC|  |TAMS 0x000000073a100000, 0x000000073a100000| Complete 
| 918|0x000000073a200000, 0x000000073a300000, 0x000000073a300000|100%|HC|  |TAMS 0x000000073a200000, 0x000000073a200000| Complete 
| 919|0x000000073a300000, 0x000000073a400000, 0x000000073a400000|100%|HC|  |TAMS 0x000000073a300000, 0x000000073a300000| Complete 
| 920|0x000000073a400000, 0x000000073a500000, 0x000000073a500000|100%|HC|  |TAMS 0x000000073a400000, 0x000000073a400000| Complete 
| 921|0x000000073a500000, 0x000000073a600000, 0x000000073a600000|100%|HC|  |TAMS 0x000000073a500000, 0x000000073a500000| Complete 
| 922|0x000000073a600000, 0x000000073a700000, 0x000000073a700000|100%|HC|  |TAMS 0x000000073a600000, 0x000000073a600000| Complete 
| 923|0x000000073a700000, 0x000000073a800000, 0x000000073a800000|100%|HC|  |TAMS 0x000000073a700000, 0x000000073a700000| Complete 
| 924|0x000000073a800000, 0x000000073a900000, 0x000000073a900000|100%|HC|  |TAMS 0x000000073a800000, 0x000000073a800000| Complete 
| 925|0x000000073a900000, 0x000000073aa00000, 0x000000073aa00000|100%|HC|  |TAMS 0x000000073a900000, 0x000000073a900000| Complete 
| 926|0x000000073aa00000, 0x000000073ab00000, 0x000000073ab00000|100%|HC|  |TAMS 0x000000073aa00000, 0x000000073aa00000| Complete 
| 927|0x000000073ab00000, 0x000000073ac00000, 0x000000073ac00000|100%|HC|  |TAMS 0x000000073ab00000, 0x000000073ab00000| Complete 
| 928|0x000000073ac00000, 0x000000073ad00000, 0x000000073ad00000|100%|HC|  |TAMS 0x000000073ac00000, 0x000000073ac00000| Complete 
| 929|0x000000073ad00000, 0x000000073ae00000, 0x000000073ae00000|100%|HC|  |TAMS 0x000000073ad00000, 0x000000073ad00000| Complete 
| 930|0x000000073ae00000, 0x000000073af00000, 0x000000073af00000|100%|HC|  |TAMS 0x000000073ae00000, 0x000000073ae00000| Complete 
| 931|0x000000073af00000, 0x000000073b000000, 0x000000073b000000|100%|HC|  |TAMS 0x000000073af00000, 0x000000073af00000| Complete 
| 932|0x000000073b000000, 0x000000073b100000, 0x000000073b100000|100%|HC|  |TAMS 0x000000073b000000, 0x000000073b000000| Complete 
| 933|0x000000073b100000, 0x000000073b200000, 0x000000073b200000|100%|HC|  |TAMS 0x000000073b100000, 0x000000073b100000| Complete 
| 934|0x000000073b200000, 0x000000073b300000, 0x000000073b300000|100%|HC|  |TAMS 0x000000073b200000, 0x000000073b200000| Complete 
| 935|0x000000073b300000, 0x000000073b400000, 0x000000073b400000|100%|HC|  |TAMS 0x000000073b300000, 0x000000073b300000| Complete 
| 936|0x000000073b400000, 0x000000073b500000, 0x000000073b500000|100%|HC|  |TAMS 0x000000073b400000, 0x000000073b400000| Complete 
| 937|0x000000073b500000, 0x000000073b600000, 0x000000073b600000|100%|HC|  |TAMS 0x000000073b500000, 0x000000073b500000| Complete 
| 938|0x000000073b600000, 0x000000073b700000, 0x000000073b700000|100%|HC|  |TAMS 0x000000073b600000, 0x000000073b600000| Complete 
| 939|0x000000073b700000, 0x000000073b800000, 0x000000073b800000|100%|HC|  |TAMS 0x000000073b700000, 0x000000073b700000| Complete 
| 940|0x000000073b800000, 0x000000073b900000, 0x000000073b900000|100%|HC|  |TAMS 0x000000073b800000, 0x000000073b800000| Complete 
| 941|0x000000073b900000, 0x000000073ba00000, 0x000000073ba00000|100%|HC|  |TAMS 0x000000073b900000, 0x000000073b900000| Complete 
| 942|0x000000073ba00000, 0x000000073bb00000, 0x000000073bb00000|100%|HC|  |TAMS 0x000000073ba00000, 0x000000073ba00000| Complete 
| 943|0x000000073bb00000, 0x000000073bc00000, 0x000000073bc00000|100%|HC|  |TAMS 0x000000073bb00000, 0x000000073bb00000| Complete 
| 944|0x000000073bc00000, 0x000000073bd00000, 0x000000073bd00000|100%|HC|  |TAMS 0x000000073bc00000, 0x000000073bc00000| Complete 
| 945|0x000000073bd00000, 0x000000073be00000, 0x000000073be00000|100%|HC|  |TAMS 0x000000073bd00000, 0x000000073bd00000| Complete 
| 946|0x000000073be00000, 0x000000073bf00000, 0x000000073bf00000|100%|HC|  |TAMS 0x000000073be00000, 0x000000073be00000| Complete 
| 947|0x000000073bf00000, 0x000000073c000000, 0x000000073c000000|100%|HC|  |TAMS 0x000000073bf00000, 0x000000073bf00000| Complete 
| 948|0x000000073c000000, 0x000000073c100000, 0x000000073c100000|100%|HC|  |TAMS 0x000000073c000000, 0x000000073c000000| Complete 
| 949|0x000000073c100000, 0x000000073c200000, 0x000000073c200000|100%|HC|  |TAMS 0x000000073c100000, 0x000000073c100000| Complete 
| 950|0x000000073c200000, 0x000000073c300000, 0x000000073c300000|100%|HC|  |TAMS 0x000000073c200000, 0x000000073c200000| Complete 
| 951|0x000000073c300000, 0x000000073c400000, 0x000000073c400000|100%|HC|  |TAMS 0x000000073c300000, 0x000000073c300000| Complete 
| 952|0x000000073c400000, 0x000000073c500000, 0x000000073c500000|100%|HC|  |TAMS 0x000000073c400000, 0x000000073c400000| Complete 
| 953|0x000000073c500000, 0x000000073c600000, 0x000000073c600000|100%|HC|  |TAMS 0x000000073c500000, 0x000000073c500000| Complete 
| 954|0x000000073c600000, 0x000000073c700000, 0x000000073c700000|100%|HC|  |TAMS 0x000000073c600000, 0x000000073c600000| Complete 
| 955|0x000000073c700000, 0x000000073c800000, 0x000000073c800000|100%|HC|  |TAMS 0x000000073c700000, 0x000000073c700000| Complete 
| 956|0x000000073c800000, 0x000000073c900000, 0x000000073c900000|100%|HC|  |TAMS 0x000000073c800000, 0x000000073c800000| Complete 
| 957|0x000000073c900000, 0x000000073ca00000, 0x000000073ca00000|100%|HC|  |TAMS 0x000000073c900000, 0x000000073c900000| Complete 
| 958|0x000000073ca00000, 0x000000073cb00000, 0x000000073cb00000|100%|HC|  |TAMS 0x000000073ca00000, 0x000000073ca00000| Complete 
| 959|0x000000073cb00000, 0x000000073cc00000, 0x000000073cc00000|100%|HC|  |TAMS 0x000000073cb00000, 0x000000073cb00000| Complete 
| 960|0x000000073cc00000, 0x000000073cd00000, 0x000000073cd00000|100%|HC|  |TAMS 0x000000073cc00000, 0x000000073cc00000| Complete 
| 961|0x000000073cd00000, 0x000000073ce00000, 0x000000073ce00000|100%|HC|  |TAMS 0x000000073cd00000, 0x000000073cd00000| Complete 
| 962|0x000000073ce00000, 0x000000073cf00000, 0x000000073cf00000|100%|HC|  |TAMS 0x000000073ce00000, 0x000000073ce00000| Complete 
| 963|0x000000073cf00000, 0x000000073d000000, 0x000000073d000000|100%|HC|  |TAMS 0x000000073cf00000, 0x000000073cf00000| Complete 
| 964|0x000000073d000000, 0x000000073d100000, 0x000000073d100000|100%|HC|  |TAMS 0x000000073d000000, 0x000000073d000000| Complete 
| 965|0x000000073d100000, 0x000000073d200000, 0x000000073d200000|100%|HC|  |TAMS 0x000000073d100000, 0x000000073d100000| Complete 
| 966|0x000000073d200000, 0x000000073d300000, 0x000000073d300000|100%|HC|  |TAMS 0x000000073d200000, 0x000000073d200000| Complete 
| 967|0x000000073d300000, 0x000000073d400000, 0x000000073d400000|100%|HC|  |TAMS 0x000000073d300000, 0x000000073d300000| Complete 
| 968|0x000000073d400000, 0x000000073d500000, 0x000000073d500000|100%|HC|  |TAMS 0x000000073d400000, 0x000000073d400000| Complete 
| 969|0x000000073d500000, 0x000000073d600000, 0x000000073d600000|100%|HC|  |TAMS 0x000000073d500000, 0x000000073d500000| Complete 
| 970|0x000000073d600000, 0x000000073d700000, 0x000000073d700000|100%|HC|  |TAMS 0x000000073d600000, 0x000000073d600000| Complete 
| 971|0x000000073d700000, 0x000000073d800000, 0x000000073d800000|100%|HC|  |TAMS 0x000000073d700000, 0x000000073d700000| Complete 
| 972|0x000000073d800000, 0x000000073d900000, 0x000000073d900000|100%|HC|  |TAMS 0x000000073d800000, 0x000000073d800000| Complete 
| 973|0x000000073d900000, 0x000000073da00000, 0x000000073da00000|100%|HC|  |TAMS 0x000000073d900000, 0x000000073d900000| Complete 
| 974|0x000000073da00000, 0x000000073db00000, 0x000000073db00000|100%|HC|  |TAMS 0x000000073da00000, 0x000000073da00000| Complete 
| 975|0x000000073db00000, 0x000000073dc00000, 0x000000073dc00000|100%|HC|  |TAMS 0x000000073db00000, 0x000000073db00000| Complete 
| 976|0x000000073dc00000, 0x000000073dd00000, 0x000000073dd00000|100%|HC|  |TAMS 0x000000073dc00000, 0x000000073dc00000| Complete 
| 977|0x000000073dd00000, 0x000000073de00000, 0x000000073de00000|100%|HC|  |TAMS 0x000000073dd00000, 0x000000073dd00000| Complete 
| 978|0x000000073de00000, 0x000000073df00000, 0x000000073df00000|100%|HC|  |TAMS 0x000000073de00000, 0x000000073de00000| Complete 
| 979|0x000000073df00000, 0x000000073e000000, 0x000000073e000000|100%|HC|  |TAMS 0x000000073df00000, 0x000000073df00000| Complete 
| 980|0x000000073e000000, 0x000000073e100000, 0x000000073e100000|100%|HC|  |TAMS 0x000000073e000000, 0x000000073e000000| Complete 
| 981|0x000000073e100000, 0x000000073e200000, 0x000000073e200000|100%|HC|  |TAMS 0x000000073e100000, 0x000000073e100000| Complete 
| 982|0x000000073e200000, 0x000000073e200000, 0x000000073e300000|  0%| F|  |TAMS 0x000000073e200000, 0x000000073e200000| Untracked 
| 983|0x000000073e300000, 0x000000073e300000, 0x000000073e400000|  0%| F|  |TAMS 0x000000073e300000, 0x000000073e300000| Untracked 
| 984|0x000000073e400000, 0x000000073e4d47d8, 0x000000073e500000| 83%| E|  |TAMS 0x000000073e400000, 0x000000073e400000| Complete 

Card table byte_map: [0x0000024a3c4f0000,0x0000024a3ccf0000] _byte_map_base: 0x0000024a38cea000

Marking Bits (Prev, Next): (CMBitMap*) 0x0000024a24140c20, (CMBitMap*) 0x0000024a24140be8
 Prev Bits: [0x0000024a414c0000, 0x0000024a45490000)
 Next Bits: [0x0000024a3d4f0000, 0x0000024a414c0000)

Polling page: 0x0000024a241b0000

Metaspace:

Usage:
  Non-class:     13.03 MB capacity,    12.66 MB ( 97%) used,   317.22 KB (  2%) free+waste,    59.88 KB ( <1%) overhead. 
      Class:      1.71 MB capacity,     1.51 MB ( 88%) used,   177.50 KB ( 10%) free+waste,    30.69 KB (  2%) overhead. 
       Both:     14.74 MB capacity,    14.16 MB ( 96%) used,   494.72 KB (  3%) free+waste,    90.56 KB ( <1%) overhead. 

Virtual space:
  Non-class space:       14.00 MB reserved,      13.25 MB ( 95%) committed 
      Class space:        1.00 GB reserved,       1.75 MB ( <1%) committed 
             Both:        1.01 GB reserved,      15.00 MB (  1%) committed 

Chunk freelists:
   Non-Class:  4.63 KB
       Class:  0 bytes
        Both:  4.63 KB

CodeHeap 'non-profiled nmethods': size=120064Kb used=368Kb max_used=368Kb free=119696Kb
 bounds [0x0000024a33f70000, 0x0000024a341e0000, 0x0000024a3b4b0000]
CodeHeap 'profiled nmethods': size=120000Kb used=2458Kb max_used=2458Kb free=117541Kb
 bounds [0x0000024a2ca40000, 0x0000024a2ccb0000, 0x0000024a33f70000]
CodeHeap 'non-nmethods': size=5696Kb used=1103Kb max_used=1118Kb free=4592Kb
 bounds [0x0000024a2c4b0000, 0x0000024a2c720000, 0x0000024a2ca40000]
 total_blobs=1843 nmethods=1200 adapters=320
 compilation: enabled
              stopped_count=0, restarted_count=0
 full_count=0

Compilation events (10 events):
Event: 0.526 Thread 0x0000024a48732800 nmethod 1149 0x0000024a33fca790 code [0x0000024a33fca960, 0x0000024a33fcb1e8]
Event: 0.526 Thread 0x0000024a48732800 1174       4       java.lang.Math::max (11 bytes)
Event: 0.526 Thread 0x0000024a48732800 nmethod 1174 0x0000024a33fcb590 code [0x0000024a33fcb720, 0x0000024a33fcb778]
Event: 0.526 Thread 0x0000024a48732800 1199       4       java.lang.Character::toUpperCase (6 bytes)
Event: 0.527 Thread 0x0000024a48735800 nmethod 1197 0x0000024a2cca3f90 code [0x0000024a2cca42c0, 0x0000024a2cca5620]
Event: 0.527 Thread 0x0000024a48735800 1196       3       java.lang.ProcessEnvironment$NameComparator::compare (13 bytes)
Event: 0.527 Thread 0x0000024a48735800 nmethod 1196 0x0000024a2cca5f10 code [0x0000024a2cca60e0, 0x0000024a2cca6470]
Event: 0.527 Thread 0x0000024a48735800 1198       3       java.util.TreeMap::setColor (10 bytes)
Event: 0.527 Thread 0x0000024a48735800 nmethod 1198 0x0000024a2cca6590 code [0x0000024a2cca6740, 0x0000024a2cca68b8]
Event: 0.527 Thread 0x0000024a48732800 nmethod 1199 0x0000024a33fcb810 code [0x0000024a33fcb9c0, 0x0000024a33fcbad8]

GC Heap History (4 events):
Event: 0.487 GC heap before
{Heap before GC invocations=0 (full 0):
 garbage-first heap   total 262144K, used 22528K [0x0000000700c00000, 0x0000000800000000)
  region size 1024K, 22 young (22528K), 0 survivors (0K)
 Metaspace       used 13885K, capacity 14378K, committed 14592K, reserved 1062912K
  class space    used 1473K, capacity 1684K, committed 1792K, reserved 1048576K
}
Event: 0.490 GC heap after
{Heap after GC invocations=1 (full 0):
 garbage-first heap   total 262144K, used 3335K [0x0000000700c00000, 0x0000000800000000)
  region size 1024K, 3 young (3072K), 3 survivors (3072K)
 Metaspace       used 13885K, capacity 14378K, committed 14592K, reserved 1062912K
  class space    used 1473K, capacity 1684K, committed 1792K, reserved 1048576K
}
Event: 0.528 GC heap before
{Heap before GC invocations=1 (full 0):
 garbage-first heap   total 262144K, used 5383K [0x0000000700c00000, 0x0000000800000000)
  region size 1024K, 6 young (6144K), 3 survivors (3072K)
 Metaspace       used 14503K, capacity 15090K, committed 15360K, reserved 1062912K
  class space    used 1542K, capacity 1751K, committed 1792K, reserved 1048576K
}
Event: 0.530 GC heap after
{Heap after GC invocations=2 (full 0):
 garbage-first heap   total 262144K, used 3654K [0x0000000700c00000, 0x0000000800000000)
  region size 1024K, 4 young (4096K), 4 survivors (4096K)
 Metaspace       used 14503K, capacity 15090K, committed 15360K, reserved 1062912K
  class space    used 1542K, capacity 1751K, committed 1792K, reserved 1048576K
}

Deoptimization events (7 events):
Event: 0.066 Thread 0x0000024a240dd000 Uncommon trap: reason=unstable_if action=reinterpret pc=0x0000024a33f752d8 method=java.lang.String.hashCode()I @ 14 c2
Event: 0.207 Thread 0x0000024a240dd000 Uncommon trap: reason=unstable_if action=reinterpret pc=0x0000024a33f83d2c method=java.lang.StringLatin1.canEncode(I)Z @ 4 c2
Event: 0.464 Thread 0x0000024a240dd000 Uncommon trap: reason=unstable_if action=reinterpret pc=0x0000024a33fa1330 method=java.util.concurrent.ConcurrentHashMap.get(Ljava/lang/Object;)Ljava/lang/Object; @ 86 c2
Event: 0.483 Thread 0x0000024a240dd000 Uncommon trap: reason=unstable_if action=reinterpret pc=0x0000024a33f986f8 method=java.lang.StringCoding.hasNegatives([BII)Z @ 12 c2
Event: 0.507 Thread 0x0000024a240dd000 Uncommon trap: reason=unstable_if action=reinterpret pc=0x0000024a33f918b0 method=java.lang.StringUTF16.compress([CI[BII)I @ 20 c2
Event: 0.518 Thread 0x0000024a240dd000 Uncommon trap: reason=unstable_if action=reinterpret pc=0x0000024a33f81c64 method=java.lang.CharacterData.of(I)Ljava/lang/CharacterData; @ 4 c2
Event: 0.520 Thread 0x0000024a240dd000 Uncommon trap: reason=unstable_if action=reinterpret pc=0x0000024a33f88884 method=java.lang.String.hashCode()I @ 22 c2

Classes redefined (0 events):
No events

Internal exceptions (10 events):
Event: 0.438 Thread 0x0000024a240dd000 Exception <a 'java/lang/NoSuchMethodError'{0x000000070f824ea0}: java.lang.invoke.DirectMethodHandle$Holder.invokeStaticInit(Ljava/lang/Object;Ljava/lang/Object;Ljava/lang/Object;Ljava/lang/Object;)V> (0x000000070f824ea0) thrown at [t:/workspace/open/src/h
Event: 0.446 Thread 0x0000024a240dd000 Exception <a 'java/lang/NoSuchMethodError'{0x000000070f8b3278}: java.lang.invoke.DirectMethodHandle$Holder.invokeStaticInit(Ljava/lang/Object;Ljava/lang/Object;)I> (0x000000070f8b3278) thrown at [t:/workspace/open/src/hotspot/share/interpreter/linkResolve
Event: 0.450 Thread 0x0000024a240dd000 Exception <a 'java/lang/NoSuchMethodError'{0x000000070f8e7f18}: java.lang.invoke.DirectMethodHandle$Holder.invokeInterface(Ljava/lang/Object;Ljava/lang/Object;)I> (0x000000070f8e7f18) thrown at [t:/workspace/open/src/hotspot/share/interpreter/linkResolver
Event: 0.474 Thread 0x0000024a240dd000 Exception <a 'java/lang/NoSuchMethodError'{0x000000070f6409a0}: java.lang.invoke.DirectMethodHandle$Holder.invokeStatic(Ljava/lang/Object;Ljava/lang/Object;Ljava/lang/Object;Ljava/lang/Object;Ljava/lang/Object;)V> (0x000000070f6409a0) thrown at [t:/worksp
Event: 0.475 Thread 0x0000024a240dd000 Exception <a 'java/lang/NoSuchMethodError'{0x000000070f64ede8}: java.lang.invoke.Invokers$Holder.linkToTargetMethod(Ljava/lang/Object;Ljava/lang/Object;Ljava/lang/Object;Ljava/lang/Object;Ljava/lang/Object;Ljava/lang/Object;Ljava/lang/Object;)Ljava/lang/O
Event: 0.476 Thread 0x0000024a240dd000 Exception <a 'java/lang/NoSuchMethodError'{0x000000070f663170}: java.lang.invoke.DirectMethodHandle$Holder.invokeInterface(Ljava/lang/Object;Ljava/lang/Object;Ljava/lang/Object;Ljava/lang/Object;Ljava/lang/Object;)Ljava/lang/Object;> (0x000000070f663170) 
Event: 0.476 Thread 0x0000024a240dd000 Exception <a 'java/lang/IncompatibleClassChangeError'{0x000000070f6668c8}: Found class java.lang.Object, but interface was expected> (0x000000070f6668c8) thrown at [t:/workspace/open/src/hotspot/share/interpreter/linkResolver.cpp, line 838]
Event: 0.480 Thread 0x0000024a240dd000 Exception <a 'sun/nio/fs/WindowsException'{0x000000070f6a1d50}> (0x000000070f6a1d50) thrown at [t:/workspace/open/src/hotspot/share/prims/jni.cpp, line 615]
Event: 0.480 Thread 0x0000024a240dd000 Exception <a 'sun/nio/fs/WindowsException'{0x000000070f6a29e0}> (0x000000070f6a29e0) thrown at [t:/workspace/open/src/hotspot/share/prims/jni.cpp, line 615]
Event: 0.740 Thread 0x0000024a240dd000 Exception <a 'java/lang/ArrayIndexOutOfBoundsException'{0x000000073e454890}> (0x000000073e454890) thrown at [t:/workspace/open/src/hotspot/share/prims/jni.cpp, line 2859]

Events (10 events):
Event: 0.526 loading class java/util/TreeMap$Entry
Event: 0.526 loading class java/util/TreeMap$Entry done
Event: 0.528 Executing VM operation: G1CollectForAllocation
Event: 0.530 Executing VM operation: G1CollectForAllocation done
Event: 0.538 Executing VM operation: CGC_Operation
Event: 0.740 Executing VM operation: CGC_Operation done
Event: 0.740 Executing VM operation: RevokeBias
Event: 0.740 loading class java/lang/ArrayIndexOutOfBoundsException
Event: 0.740 loading class java/lang/ArrayIndexOutOfBoundsException done
Event: 0.740 Executing VM operation: RevokeBias done


Dynamic libraries:
0x00007ff6e5140000 - 0x00007ff6e5185000 	C:\Users\n24q02m-wpc\scoop\apps\openjdk11\current\bin\java.exe
0x00007ffb31940000 - 0x00007ffb31ba7000 	C:\WINDOWS\SYSTEM32\ntdll.dll
0x00007ffb30180000 - 0x00007ffb3024b000 	C:\WINDOWS\System32\KERNEL32.DLL
0x00007ffb2ed90000 - 0x00007ffb2f192000 	C:\WINDOWS\System32\KERNELBASE.dll
0x00007ffb307d0000 - 0x00007ffb3099f000 	C:\WINDOWS\System32\USER32.dll
0x00007ffb2f450000 - 0x00007ffb2f477000 	C:\WINDOWS\System32\win32u.dll
0x00007ffb2f9e0000 - 0x00007ffb2fa0b000 	C:\WINDOWS\System32\GDI32.dll
0x00007ffb2f530000 - 0x00007ffb2f659000 	C:\WINDOWS\System32\gdi32full.dll
0x00007ffb2f480000 - 0x00007ffb2f523000 	C:\WINDOWS\System32\msvcp_win.dll
0x00007ffb2f230000 - 0x00007ffb2f37c000 	C:\WINDOWS\System32\ucrtbase.dll
0x00007ffb06040000 - 0x00007ffb062d0000 	C:\WINDOWS\WinSxS\amd64_microsoft.windows.common-controls_6595b64144ccf1df_6.0.26100.9278_none_3e0d1ba8e3303201\COMCTL32.dll
0x00007ffb30470000 - 0x00007ffb30519000 	C:\WINDOWS\System32\msvcrt.dll
0x00007ffb305f0000 - 0x00007ffb30621000 	C:\WINDOWS\System32\IMM32.DLL
0x00007ffb11ce0000 - 0x00007ffb11cf6000 	C:\Users\n24q02m-wpc\scoop\apps\openjdk11\current\bin\vcruntime140.dll
0x00007ffb0fae0000 - 0x00007ffb0fb8a000 	C:\Users\n24q02m-wpc\scoop\apps\openjdk11\current\bin\msvcp140.dll
0x00007ffa85380000 - 0x00007ffa85ea3000 	C:\Users\n24q02m-wpc\scoop\apps\openjdk11\current\bin\server\jvm.dll
0x00007ffb303a0000 - 0x00007ffb3045c000 	C:\WINDOWS\System32\ADVAPI32.dll
0x00007ffb2f750000 - 0x00007ffb2f7f9000 	C:\WINDOWS\System32\sechost.dll
0x00007ffb30ea0000 - 0x00007ffb30fb8000 	C:\WINDOWS\System32\RPCRT4.dll
0x00007ffb30790000 - 0x00007ffb30798000 	C:\WINDOWS\System32\PSAPI.DLL
0x00007ffb27d80000 - 0x00007ffb27db6000 	C:\WINDOWS\SYSTEM32\WINMM.dll
0x00007ffb200f0000 - 0x00007ffb200fa000 	C:\WINDOWS\SYSTEM32\WSOCK32.dll
0x00007ffb28330000 - 0x00007ffb2833b000 	C:\WINDOWS\SYSTEM32\VERSION.dll
0x00007ffb30a70000 - 0x00007ffb30af0000 	C:\WINDOWS\System32\WS2_32.dll
0x00007ffb2d7d0000 - 0x00007ffb2d7eb000 	C:\WINDOWS\SYSTEM32\kernel.appcore.dll
0x00007ffb0fca0000 - 0x00007ffb0fcb1000 	C:\Users\n24q02m-wpc\scoop\apps\openjdk11\current\bin\verify.dll
0x00007ffb239a0000 - 0x00007ffb23bec000 	C:\WINDOWS\SYSTEM32\DBGHELP.DLL
0x00007ffb30b00000 - 0x00007ffb30e85000 	C:\WINDOWS\System32\combase.dll
0x00007ffb302c0000 - 0x00007ffb30399000 	C:\WINDOWS\System32\OLEAUT32.dll
0x00007ffb14c40000 - 0x00007ffb14c7b000 	C:\WINDOWS\SYSTEM32\dbgcore.DLL
0x00007ffb2ecd0000 - 0x00007ffb2ed7c000 	C:\WINDOWS\System32\bcryptPrimitives.dll
0x00007ffb0fbe0000 - 0x00007ffb0fc08000 	C:\Users\n24q02m-wpc\scoop\apps\openjdk11\current\bin\java.dll
0x00007ffb0fac0000 - 0x00007ffb0fad6000 	C:\Users\n24q02m-wpc\scoop\apps\openjdk11\current\bin\zip.dll
0x00007ffb20620000 - 0x00007ffb2062a000 	C:\Users\n24q02m-wpc\scoop\apps\openjdk11\current\bin\jimage.dll
0x00007ffb31160000 - 0x00007ffb318f8000 	C:\WINDOWS\System32\SHELL32.dll
0x00007ffb2c580000 - 0x00007ffb2ce2e000 	C:\WINDOWS\SYSTEM32\windows.storage.dll
0x00007ffb30080000 - 0x00007ffb3017b000 	C:\WINDOWS\System32\SHCORE.dll
0x00007ffb30250000 - 0x00007ffb302b6000 	C:\WINDOWS\System32\shlwapi.dll
0x00007ffb2ea30000 - 0x00007ffb2ea59000 	C:\WINDOWS\SYSTEM32\profapi.dll
0x00007ffb0faa0000 - 0x00007ffb0fab9000 	C:\Users\n24q02m-wpc\scoop\apps\openjdk11\current\bin\net.dll
0x00007ffb1aad0000 - 0x00007ffb1acac000 	C:\WINDOWS\SYSTEM32\urlmon.dll
0x00007ffb281e0000 - 0x00007ffb2830a000 	C:\WINDOWS\SYSTEM32\WINHTTP.dll
0x00007ffb1a6e0000 - 0x00007ffb1a9a4000 	C:\WINDOWS\SYSTEM32\iertutil.dll
0x00007ffb258d0000 - 0x00007ffb258f9000 	C:\WINDOWS\SYSTEM32\srvcli.dll
0x00007ffb2d160000 - 0x00007ffb2d16d000 	C:\WINDOWS\SYSTEM32\netutils.dll
0x00007ffb2dd70000 - 0x00007ffb2dddc000 	C:\WINDOWS\system32\mswsock.dll
0x00007ffb0fa80000 - 0x00007ffb0fa93000 	C:\Users\n24q02m-wpc\scoop\apps\openjdk11\current\bin\nio.dll
0x00007ffb17580000 - 0x00007ffb17589000 	C:\Users\n24q02m-wpc\scoop\apps\openjdk11\current\bin\management.dll
0x00007ffb120a0000 - 0x00007ffb120ac000 	C:\Users\n24q02m-wpc\scoop\apps\openjdk11\current\bin\management_ext.dll
0x00007ffb0ccd0000 - 0x00007ffb0cd4b000 	C:\Users\n24q02m-wpc\projects\javb-pith-video\target\release\pith_video.dll

dbghelp: loaded successfully - version: 4.0.5 - missing functions: none
symbol engine: initialized successfully - sym options: 0x614 - pdb path: .;C:\Users\n24q02m-wpc\scoop\apps\openjdk11\current\bin;C:\WINDOWS\SYSTEM32;C:\WINDOWS\WinSxS\amd64_microsoft.windows.common-controls_6595b64144ccf1df_6.0.26100.9278_none_3e0d1ba8e3303201;C:\Users\n24q02m-wpc\scoop\apps\openjdk11\current\bin\server;C:\Users\n24q02m-wpc\projects\javb-pith-video\target\release

VM Arguments:
java_command: C:\Users\n24q02m-wpc\AppData\Local\Temp\surefire8901214061238911135\surefirebooter-20261007235736035_3.jar C:\Users\n24q02m-wpc\AppData\Local\Temp\surefire8901214061238911135 2026-10-07T23-57-35_751-jvmRun1 surefire-20261007235736035_1tmp surefire_0-20261007235736035_2tmp
java_class_path (initial): C:\Users\n24q02m-wpc\AppData\Local\Temp\surefire8901214061238911135\surefirebooter-20261007235736035_3.jar
Launcher Type: SUN_STANDARD

[Global flags]
     intx CICompilerCount                          = 3                                         {product} {ergonomic}
     uint ConcGCThreads                            = 2                                         {product} {ergonomic}
     uint G1ConcRefinementThreads                  = 6                                         {product} {ergonomic}
   size_t G1HeapRegionSize                         = 1048576                                   {product} {ergonomic}
    uintx GCDrainStackTargetSize                   = 64                                        {product} {ergonomic}
   size_t InitialHeapSize                          = 268435456                                 {product} {ergonomic}
   size_t MarkStackSize                            = 4194304                                   {product} {ergonomic}
   size_t MaxHeapSize                              = 4282384384                                {product} {ergonomic}
   size_t MaxNewSize                               = 2569011200                                {product} {ergonomic}
   size_t MinHeapDeltaBytes                        = 1048576                                   {product} {ergonomic}
    uintx NonNMethodCodeHeapSize                   = 5830092                                {pd product} {ergonomic}
    uintx NonProfiledCodeHeapSize                  = 122914074                              {pd product} {ergonomic}
    uintx ProfiledCodeHeapSize                     = 122914074                              {pd product} {ergonomic}
    uintx ReservedCodeCacheSize                    = 251658240                              {pd product} {ergonomic}
     bool SegmentedCodeCache                       = true                                      {product} {ergonomic}
     bool UseCompressedClassPointers               = true                                 {lp64_product} {ergonomic}
     bool UseCompressedOops                        = true                                 {lp64_product} {ergonomic}
     bool UseG1GC                                  = true                                      {product} {ergonomic}
     bool UseLargePagesIndividualAllocation        = false                                  {pd product} {ergonomic}

Logging:
Log output configuration:
 #0: stdout all=warning uptime,level,tags
 #1: stderr all=off uptime,level,tags

Environment Variables:
JAVA_HOME=C:\Users\n24q02m-wpc\scoop\apps\openjdk11\current
PATH=C:\Program Files\WindowsApps\Microsoft.PowerShell_7.6.6.0_x64__8wekyb3d8bbwe;C:\WINDOWS\system32;C:\WINDOWS;C:\WINDOWS\System32\Wbem;C:\WINDOWS\System32\WindowsPowerShell\v1.0\;C:\WINDOWS\System32\OpenSSH\;C:\Program Files\Tailscale\;C:\Program Files\Docker\Docker\resources\bin;C:\Program Files\Cloudflare\Cloudflare WARP\;C:\Users\n24q02m-wpc\scoop\persist\uv\tools\shims;C:\Users\n24q02m-wpc\scoop\persist\uv\python\shims;C:\Users\n24q02m-wpc\scoop\apps\openjdk11\current\bin;C:\Users\n24q02m-wpc\scoop\apps\openjdk17\current\bin;C:\Users\n24q02m-wpc\scoop\apps\maven\current\bin;C:\Users\n24q02m-wpc\scoop\persist\bun\bin;C:\Users\n24q02m-wpc\scoop\apps\python313\current\Scripts;C:\Users\n24q02m-wpc\scoop\apps\python313\current;C:\Users\n24q02m-wpc\scoop\apps\nodejs24\current\bin;C:\Users\n24q02m-wpc\scoop\apps\nodejs24\current;C:\Users\n24q02m-wpc\scoop\apps\mingw\current\bin;C:\Users\n24q02m-wpc\go\bin;c:\Users\n24q02m-wpc\AppData\Local\Programs\cursor\resources\app\codeBin;C:\Users\n24q02m-wpc\.config\workflow-remote\bin;C:\Users\n24q02m-wpc\scoop\apps\rustup\current\.cargo\bin;C:\Users\n24q02m-wpc\scoop\shims;C:\Users\n24q02m-wpc\scoop\apps\openjdk21\current\bin;C:\Users\n24q02m-wpc\scoop\apps\git\current\cmd;C:\Users\n24q02m-wpc\AppData\Local\Microsoft\WindowsApps;C:\Users\n24q02m-wpc\.local\bin;C:\Users\n24q02m-wpc\AppData\Local\Microsoft\WinGet\Links;C:\Users\n24q02m-wpc\scoop\apps\msys2\current\usr\bin;C:\Users\n24q02m-wpc\AppData\Local\Programs\Cua\cua-driver\bin;C:\Users\n24q02m-wpc\AppData\Local\Programs\Microsoft VS Code Insiders\bin;C:\Users\n24q02m-wpc\AppData\Local\cc-pocket\bin;C:\Users\n24q02m-wpc\scoop\apps\git\current\bin;C:\Users\n24q02m-wpc\AppData\Local\Zellij\;C:\Users\n24q02m-wpc\AppData\Local\Programs\orca\resources\bin;C:\Users\n24q02m-wpc\bin
USERNAME=n24q02m-wpc
OS=Windows_NT
PROCESSOR_IDENTIFIER=Intel64 Family 6 Model 158 Stepping 13, GenuineIntel



---------------  S Y S T E M  ---------------

OS: Windows 10 , 64 bit Build 26100 (10.0.26100.9444)

CPU:total 6 (initial active 6) (6 cores per cpu, 1 threads per core) family 6 model 158 stepping 13, cmov, cx8, fxsr, mmx, sse, sse2, sse3, ssse3, sse4.1, sse4.2, popcnt, avx, avx2, aes, clmul, erms, 3dnowpref, lzcnt, tsc, tscinvbit, bmi1, bmi2, adx, fma

Memory: 4k page, system-wide physical 16331M (2535M free)
TotalPageFile size 32662M (AvailPageFile size 6072M)
current process WorkingSet (physical memory assigned to process): 845M, peak: 845M
current process commit charge ("private bytes"): 1668M, peak: 1668M

vm_info: OpenJDK 64-Bit Server VM (11.0.2+9) for windows-amd64 JRE (11.0.2+9), built on Jan 18 2019 05:23:22 by "mach5one" with MS VC++ 15.5 (VS2017)

END.
